Product Description,Rating,Reviews,Price
"Windows Laptop 15.6 inch 8GB RAM DDR4 256GB M.2 SSD Notebook Computers, Intel J4125Quad-Core Computer Laptop, 1080P IPS Windows10 Pro PC Laptops, Full Size Keyboard",4.1 out of 5 stars,161,41958
"2021 Newest Acer Aspire 5 15.6"" FHD Laptop, 11th Intel Core i3-1115G4 (up to 4.1GHz), 8GB RAM 512GB NVMe SSD, WiFi 6 USB-A&C Webcam HDMI, Windows 10 S",5.0 out of 5 stars,2,61946
"HP Chromebook 14 Laptop, Intel Celeron N4020, 4 GB RAM, 32 GB eMMC, 14” HD Micro-Edge Display, Chrome OS, Thin & Portable, 4K Graphics, Snow White Keyboard (14a-na0023nr, 2021, Ceramic White)",4.5 out of 5 stars,"2,861",35063
"ASUS L210 MA-DB01 Ultra Thin Laptop, 11.6” HD Display, Intel Celeron N4020 Processor, 4GB RAM, 64GB Storage, NumberPad, Windows 10 Home in S Mode, Black",4.3 out of 5 stars,"5,955",26881
"HP 15-inch Laptop, 11th Generation Intel Core i5-1135G7, Intel Iris Xe Graphics, 8 GB RAM, 256 GB SSD, Windows 11 Home (15-dy2024nr, Natural silver)",4.5 out of 5 stars,"1,703",63584
"Lenovo IdeaPad 1 Laptop, 14.0"" HD (1366 x 768) Display, Intel Celeron N4020 Processor, 4GB DDR4 RAM, 64 GB SSD Storage, Intel UHD Graphics 600, Windows 11 in S Mode, 81VU00D1US, Ice Blue",4.4 out of 5 stars,897,33894
"Samsung Electronics Galaxy Chromebook Go Laptop Computer Lightweight Slim Durable Design 12-Hour Battery Wi-Fi 6 Share Files with Phone, Black,Silver,32GB",3.8 out of 5 stars,30,34947
"Acer Aspire 5 Slim Laptop, 15.6 inches Full HD IPS Display, AMD Ryzen 3 3200U, Vega 3 Graphics, 4GB DDR4, 128GB SSD, Backlit Keyboard, Windows 10 in S Mode, A515-43-R19L, Silver",4.6 out of 5 stars,"36,177",50960
"2020 Flagship HP 14 Chromebook Laptop Computer 14"" HD SVA Anti-Glare Display Intel Celeron N5000 Processor 4GB DDR4 64GB eMMC WiFi Webcam Chrome OS (Renewed)",4.5 out of 5 stars,823,21738
"HP Stream 14-inch Laptop, Intel Celeron N4000, 4 GB RAM, 64 GB eMMC, Windows 10 Home in S Mode with Office 365 Personal for 1 Year (14-cb185nr, Royal Blue)",4.5 out of 5 stars,"4,867",31908
"Acer Nitro 5 AN515-55-53E5 Gaming Laptop | Intel Core i5-10300H | NVIDIA GeForce RTX 3050 Laptop GPU | 15.6"" FHD 144Hz IPS Display | 8GB DDR4 | 256GB NVMe SSD | Intel Wi-Fi 6 | Backlit Keyboard",4.6 out of 5 stars,"5,187",92365
"HP 2021 Newest 14in Ultra Light Laptop, Intel N4020 Processor(Up to 2.8GHz), 8GB RAM, 192GB Storage(64GB eMMC+128GB Micro SD), 1 Year Office 365, Webcam, HDMI, WiFi, USB-A&C, Google Classroom or Zoom",4.3 out of 5 stars,167,46636
"Lenovo IdeaPad 3 11 Chromebook 11.6"" Laptop, 11.6"" HD (1366 x 768) Display, Intel Celeron N4020 Processor, 4GB LPDDR4 RAM, 64GB eMMC Storage, Intel UHD Graphics 600, Chrome OS, 82BA0003US, Onyx Black",4.4 out of 5 stars,589,17531
"ASUS Laptop L510 Ultra Thin Laptop, 15.6” FHD Display, Intel Celeron N4020 Processor, 4GB RAM, 128GB Storage, Windows 10 Home in S Mode, 1 Year Microsoft 365, Star Black, L510MA-DS04",4.5 out of 5 stars,245,31671
"Lenovo Chromebook S330 14in Laptop Computer, Mediatek MT8173C up to 1.7 Ghz, 4GB RAM, 32GB eMMC SSD, Bluetooth, HDMI, USB-C, SD Card Reader, Chrome OS, Black (Renewed)",4.3 out of 5 stars,340,16713
"Lenovo Chromebook Flex 3 11"" Laptop, 11.6-Inch HD (1366 x 768) IPS Display, MediaTek MT8173C Processor, 4GB LPDDR3, 64 GB eMMC, Chrome OS, 82HG0006US, Blizzard White",4.1 out of 5 stars,951,24544
"11.6"" HD Windows 10 Professional Slim n Light Laptop - 128GB Storage, 4GB RAM, Anti-Glare, Intel 64-bit, Dual-Band WiFi, USB 3.0 - Thin & Lightweight Design - C60Bv2 128GB N2 Model",N/A,N/A,35058
"Lenovo IdeaPad 3 Laptop, 14.0"" FHD (1920 x 1080) Display, AMD Ryzen 5 5500U Processor, 8GB DDR4 RAM, 256GB NVMe TLC SSD Storage, AMD Radeon 7 Graphics, Windows 11 Home, 82KT00GVUS, Abyss Blue",4.5 out of 5 stars,211,56102
"HP 14 Laptop, AMD 3020e, 4 GB RAM, 64 GB eMMC Storage, 14-inch HD Touchscreen, Windows 10 Home in S Mode, Long Battery Life, Microsoft 365, (14-fq0040nr, 2020)",4.5 out of 5 stars,374,N/A
"HP Chromebook 11-inch Laptop - Up to 15 Hour Battery Life - MediaTek - MT8183 - 4 GB RAM - 32 GB eMMC Storage - 11.6-inch HD Display - with Chrome OS - (11a-na0021nr, 2020 Model, Snow White)",4.5 out of 5 stars,"1,685",24311
"HP 15.6in Laptop (Intel Pentium Quad-Core N5000, 4GB RAM, 128GB SSD, HDMI, WiFi, Bluetooth, HD Webcam, Windows 10 S) (Renewed)",4.5 out of 5 stars,318,34712
"2021 HP 14” HD Laptop Newest for Business and Student, AMD Athlon Silver 3150U (Beat i5-7200U), 8GB DDR4 RAM, 256GB SSD, WiFi, Bluetooth, HDMI, USB A&C, Windows 10 S",4.7 out of 5 stars,5,51310
"HP 17.3"" HD+ Laptop for Business 2021 Newest, Intel 11th Gen Core i3-1115G4 Up to 4.1GHz (Beat i5-1035G4),16GB RAM, 1TB SSD, WiFi, HDMI, Webcam, Windows 10, Silver",4.0 out of 5 stars,1,85323
"2021 HP 15 Laptop, AMD Ryzen 5 5500U(Beat i7-1065G7) 16GB RAM 1TB SSD 15.6 FHD Display, Webcam for Zoom, HDMI, Wi-Fi, Premium Lightweight Thin Design, Win 10 S-Free Windows 11 Update| ROKC Bundle",3.4 out of 5 stars,7,95842
"Acer Swift X SFX14-41G-R1S6 Creator Laptop | 14"" Full HD 100% sRGB | AMD Ryzen 7 5800U | NVIDIA RTX 3050Ti Laptop GPU | 16GB LPDDR4X | 512GB SSD | Wi-Fi 6 | Backlit KB | Amazon Alexa | Windows 10 Home",4.5 out of 5 stars,290,118876
"Dell ChromeBook 11.6 Inch HD (1366 x 768) Laptop NoteBook PC, Intel Celeron N2840, Camera, HDMI, WIFI, USB 3.0, SD Card Reader (Renewed)",4.1 out of 5 stars,"2,578",9818
"2021 Newest HP Premium 14 inch HD Laptop, Intel Dual-Core Processor Up to 2.6GHz, 8GB RAM, 64GB eMMC Storage, Webcam, Bluetooth, HDMI, Wi-Fi, Blue, Windows 10 with 1 Year Microsoft 365",4.3 out of 5 stars,818,43129
"HP 15.6"" HD Touch i7-8550U 4GHz 4GB DDR4 1TB HDD + 16GB Optane DVD Webcam Bluetooth HDMI Windows 10 (Certified Refurbished)",N/A,N/A,N/A
"2021 HP Pavilion 15.6 Touch-Screen Laptop 4 Core Intel i5-1035G1 16GB RAM 1TB SSD, Webcam with Microphone, FHD Micro-Edge Display Computer, Wi-Fi, HDMI, Windows 10-Free Windows 11 Upgrade, ROKC Kit",4.4 out of 5 stars,22,99349
"2020 HP 15.6"" HD LED Display Laptop, Intel Pentium Gold 6405U Processor, 4GB DDR4 RAM, 128GB SSD, HDMI, Webcam, WI-FI, Windows 10 S, Scarlet Red",4.5 out of 5 stars,"1,001",41259
"(Refurbished) Dell ChromeBook 11 -Intel Celeron 2955U, 4GB Ram, 16GB SSD, WebCam, HDMI, (11.6 HD Screen 1366x768)",4.2 out of 5 stars,"4,602",9467
"Lenovo Chromebook S330 Laptop, 14-Inch FHD (1920 x 1080) Display, MediaTek MT8173C Processor, 4GB LPDDR3, 64GB eMMC, Chrome OS, 81JW0000US, Business Black",4.3 out of 5 stars,"2,603",22591
"2021 HP 14 inch TouchScreen HD Laptop, Intel Celeron N4020, 4GB DDR4, 64GB eMMC, 1 Year Microsoft 365 Personal, Webcam, HDMI, Windows 10 S /Legendary Accessories (Google Classroom or Zoom) (Rose Pink)",4.5 out of 5 stars,262,50258
"2021 Newest HP 15.6"" FHD IPS Touchscreen Laptop, 11th Gen Intel i7-1165G7(Up to 4.7GHz), 16GB RAM, 1TB PCIe SSD, Intel Iris Xe Graphics, Webcam, NumPad, USB-A&C, HDMI, WiFi, Bluetooth, Windows 11",4.5 out of 5 stars,47,109752
"2021 Newest HP 15.6"" FHD Notebook Laptop Computer, Intel Celeron N4020 Processor, 4GB DDR4 RAM, 128GB SSD, 1-Year Office 365, Webcam, WiFi, RJ-45, Windows 10 Home in S Mode, Type-C HUB",4.4 out of 5 stars,28,41960
"HP Chromebook 11 G4 11.6 Inch Laptop (Intel N2840 Dual-Core, 2GB RAM, 16GB Flash SSD, Chrome OS), Black (Renewed)",4.1 out of 5 stars,"1,242",11570
"2022 Newest Lenovo IdeaPad 3 Laptop, 15.6"" FHD Display, Intel Dual-Core Processor, Intel UHD Graphics, 20GB RAM, 512GB PCIe SSD, Fingerprint Reader, Webcam, HDMI, Bluetooth 5.0, Grey, Windows 11",4.7 out of 5 stars,170,60662
"2021 HP 14 inch HD Laptop Newest for Business and Student, AMD Athlon Silver 3050U (Beat i5-7200U), 16GB DDR4 RAM, 512GB SSD, 802.11ac, WiFi, Bluetooth, HDMI, Windows 10 w/HESVAP 3in1 Accessories",4.4 out of 5 stars,"2,725",62999
Dell Inspiron 3000 15” Laptop Intel Celeron – 128GB SSD+500GB HDD – 8GB DDR4 – 1.8GHz - Intel UHD Graphics - Windows 10 Home - Inspiron 15 3000 Series - New,4.4 out of 5 stars,628,46636
"ASUS VivoBook 15 Thin & Light Laptop, 15.6” FHD Display, AMD Quad Core R7-3700U CPU, 8GB DDR4 RAM, 512GB PCIe SSD, AMD Radeon Vega 10 Graphics, Fingerprint, Windows 10 Home, Slate Gray, F512DA-NH77",4.6 out of 5 stars,"3,733",81233
"Newest HP 14"" HD WLED Backlit High Performance Business Laptop, AMD Athlon Silver 3050U up to 3.2GHz, 4GB DDR4, 128GB SSD, Wireless-AC, HDMI, Bluetooth, Webcam, SD Card Reader, Windows 10 S",4.4 out of 5 stars,"1,139",33428
"Acer Aspire 5 A515-56-36UT Slim Laptop | 15.6"" Full HD Display | 11th Gen Intel Core i3-1115G4 Processor | 4GB DDR4 | 128GB NVMe SSD | WiFi 6 | Amazon Alexa | Windows 10 Home (S mode)",4.3 out of 5 stars,869,44414
"HP Stream 14-Inch Touchscreen Laptop, AMD Athlon 3050U, 4 GB SDRAM, 64 GB eMMC, Windows 10 Home in S Mode with Office 365 Personal for One Year (Silver), cm. SD 512 GB",4.5 out of 5 stars,289,39973
"Lenovo ThinkBook 13s Gen 2 Intel Laptop 2022, 13.3"" IPS 300 nits, 11th Intel i7-1165G7(up to 4.7GHz) 16GB RAM, 512GB SSD, Backlit Keyboard, Fingerprint Reader, Win 10 Pro",N/A,Only 14 left in stock - order soon.,113374
"Newest 2021 HP Laptop, Notebook, 15.6 FHD IPS Laptop, Celeron N4020, 8GB RAM, 128GB SSD, Black, Type-c, HDMI, School, Business, Windows 10 Home in S, One Years Office 365",5.0 out of 5 stars,1,47804
"Lenovo IdeaPad 3i 15.6 FHD Laptop, Intel Pentium Gold 7505(up to 3.5GHz), 20GB RAM 512GB PCIe SSD, USB A&C Webcam HDMI WIFI6, up to 12 Hours Battery Life, Windows 11 S Grey",N/A,Only 12 left in stock - order soon.,58440
"HP 14 Laptop, Intel Celeron N4020, 4 GB RAM, 64 GB Storage, 14-inch Micro-Edge HD Display, Windows 10 Home, Thin & Portable, 4K Graphics, One Year of Microsoft 365 (14-dq0030nr, 2021, Pale Rose Gold)",4.7 out of 5 stars,15,N/A
"HP Chromebook 14 Laptop, Intel Celeron Processor, 4 GB RAM, 32 GB eMMC, 14” HD (1366 x 768) Touchscreen, Chrome OS, Webcam & Dual Mics, Work, Entertainment, Long Battery Life (14a-na0150nr, 2021)",4.0 out of 5 stars,1,43245
"HP 17-inch Laptop, 11th Generation Intel Core i5-1135G7, Intel Iris Xe Graphics, 8 GB RAM, 256 GB SSD, Windows 11 Home (17-cn0025nr,Natural Silver)",4.3 out of 5 stars,164,69040
"2021 Newest HP 14"" HD Laptop Light-Weight, AMD 3020e(Up to 2.6GHz), 8GB RAM, 128GB SSD + 64GB eMMC, 1 Year Office 365, WiFi, Bluetooth 5, USB Type-A&C, HDMI, Webcam, Win10, w/Ghost Manta Accessories",4.3 out of 5 stars,505,51311
"Microsoft Surface Laptop Studio - 14.4"" Touchscreen - Intel Core i7 - 16GB Memory - 512GB SSD - Platinum",4.4 out of 5 stars,8,N/A
"TECLAST 15.6"" Gaming Laptop 12GB+256GB 10th Intel Core i3-1005G1 Laptop Computer Up to 3.4GHz 15W Process 1920x1080 FHD Thin Traditional Laptop Computers HDMI 5G WiFi BT Type-C USB3.0 Zoom Study",5.0 out of 5 stars,8,63115
"Lenovo IdeaPad 3 14"" Laptop, 14.0"" FHD 1920 x 1080 Display, AMD Ryzen 5 3500U Processor, 8GB DDR4 RAM, 256GB SSD, AMD Radeon Vega 8 Graphics, Narrow Bezel, Windows 10, 81W0003QUS, Abyss Blue",4.5 out of 5 stars,"4,244",N/A
"2021 Newest HP 14"" HD Laptop Light-Weight, AMD 3020e(Up to 2.6GHz), 8GB RAM, 256GB SSD + 64GB eMMC, 1 Year Office 365, WiFi, Bluetooth 5, USB Type-A&C, HDMI, Webcam, Win10, w/Ghost Manta Accessories",4.3 out of 5 stars,505,54817
"HP EliteBook 850 G8 15.6"" Notebook, Intel i5, 16GB Memory, 256GB SSD, Windows 10 Pro",N/A,Only 1 left in stock - order soon.,182335
"Acer Aspire 3 17.3"" HD+ Laptop Computer, Intel Quad-Core i5-1035G1 Up to 3.6GHz (Beat i7-7500U), 8GB DDR4 RAM, 1TB HDD, DVDRW, AC WiFi, Bluetooth 4.2, Windows 10",3.6 out of 5 stars,6,72350
"TECLAST Windows 10 Laptops, 8GB RAM 256GB SSD,14 Inch FHD IPS Traditional Laptop Computer, Intel N4120 Processor, 2.4G+5G WiFi, Bluetooth4.2, USB3.0, USB2.0, Mini HDMI",3.7 out of 5 stars,28,42076
"GIGABYTE AORUS 15P YD - 15.6"" FHD IPS Anti-Glare 240Hz, Intel Core i7, NVIDIA GeForce RTX 3080 Laptop GPU 16GB GDDR6, 32GB Memory, 1TB SSD, Win10 Home, Gaming Laptop (AORUS 15P YD-74US244SH)",4.1 out of 5 stars,19,257024
"Samsung Electronics Galaxy Book Pro Windows 11 Intel Evo Platform Laptop Computer 15.6"" AMOLED Screen 11th Gen Intel Core i7 Processor 16GB Memory 512GB SSD Long-Lasting Battery, Mystic Blue",5.0 out of 5 stars,6,151946
Lenovo IdeaPad 3 Intel i5-1035G1 Quad Core 12GB RAM 256GB SSD 15.6-inch Touch Screen Laptop,4.5 out of 5 stars,847,65454
"HP 15 Laptop, AMD Ryzen 7 3700U Processor, 8 GB RAM, 256 GB SSD, HD Display, Windows 10 Home (15-ef0022nr, Natural Silver)",4.5 out of 5 stars,235,65433
"HP 17 Laptop PC, 11th Gen Intel Core i3-1125G4, 8 GB RAM, 256 GB SSD Storage, 17.3-inch HD+ Touchscreen, Windows 10 Home, Long Battery Life, HD Web-cam & Dual Microphones (17-cn0010nr, 2021)",4.5 out of 5 stars,30,81816
"2020 HP Stream 11.6 inch Laptop Computer Intel Celeron N4020 Upto 2.8 GHz, 4GB RAM, 32GB eMMC Storage, Windows 10 Home, 13Hr Battery Life, Office 365 1Year, (Rose Pink)",4.5 out of 5 stars,250,33779
"HP 14in High Performance Laptop (AMD Ryzen 3 3200U 2.6GHz up to 3.5GHz, AMD Radeon Vega 3 Graphics, 4GB DDR4 RAM, 128GB SSD, WiFi, Bluetooth, HDMI, Windows 10(Renewed)",4.1 out of 5 stars,868,N/A
"Acer Swift 3 Thin & Light Laptop, 14"" Full HD IPS, AMD Ryzen 7 4700U Octa-Core with Radeon Graphics, 8GB LPDDR4, 512GB NVMe SSD, Wi-Fi 6, Backlit KB, Fingerprint Reader, Alexa Built-in",4.5 out of 5 stars,"3,644",78140
"2021 Newest HP 15.6"" FHD Laptop Computer, Intel Celeron N4020 Processor, 4GB DDR4 RAM, 128GB SSD, 1-Year Office 365, Webcam, Wi-Fi, USB Type-C, RJ-45, Windows 10 Home in S Mode, Ipuzzle Mousepad",4.5 out of 5 stars,169,41960
"HP 2021 Newest 14in HD Laptop Light-Weight, AMD Athlon 3050U(Up to 3.2GHz), 8GB RAM, 256GB SSD + 64GB eMMC, 1 Yr Office365, WiFi, Bluetooth 5, USB-A&C, HDMI, Webcam, Win10, w/Ghost Manta Accessories",4.3 out of 5 stars,505,54933
"HP 2021 Newest 14in Ultra Light Laptop, Intel N4020 Processor(Up to 2.8GHz), 8GB RAM, 128GB Storage(64GB eMMC+64GB Micro SD), 1 Year Office 365, Webcam, HDMI, WiFi, USB-A&C, Google Classroom or Zoom",4.3 out of 5 stars,167,46636
"HP Pavilion Laptop (2022 Model), 15.6"" FHD Display, Intel Celeron Processor, 8GB DDR4 RAM, 128GB SSD, Online Conferencing, Webcam, HDMI, WiFi, Bluetooth, Wins 10 + One Year Office 365",4.2 out of 5 stars,35,46636
"HP Pavilion 15 Laptop, 11th Gen Intel Core i7-1165G7 Processor, 16 GB RAM, 512 GB SSD Storage, Full HD IPS micro-edge Display, Windows 10 Pro, Compact Design, Long Battery Life (15-eg0021nr, 2020)",4.6 out of 5 stars,813,116413
"ASUS VivoBook 15.6"" FHD Touchscreen Laptop 2022 Newest, Intel Core i3-1115G4 Up to 4.1GHz (Beat i5-1035G4), 12GB RAM, 512GB SSD, Fingerprint,Intel UHD Graphics, Windows 10 + 3in1 Accessories",4.6 out of 5 stars,3,65442
"ASUS VivoBook 14"" FHD Laptop 2022 Newest, Intel Core i3-1115G4 Up to 4.1GHz (Beat i5-1035G4), 12GB RAM, 512GB SSD, Fingerprint,Intel UHD Graphics, Windows 10 + 3 in 1 Accessories",5.0 out of 5 stars,1,58429
"MSI Stealth 15M Gaming Laptop: 15.6"" 144Hz FHD 1080p Display, Intel Core i7-11375H, NVIDIA GeForce RTX 3060, 16GB, 512GB SSD, Thunderbolt 4, WiFi 6, Win10, Carbon Gray (A11UEK-009)",4.3 out of 5 stars,228,146102
"MSI GL66 Gaming Laptop: 15.6"" 144Hz FHD 1080p Display, Intel Core i7-11800H, NVIDIA GeForce RTX 3070, 16GB, 512GB SSD, Win10, Black (11UGK-001)",4.4 out of 5 stars,190,157790
"Asus X512DA-BTS2020RL 15.6"" Full HD Laptop – AMD Ryzen 5 - AMD Radeon Vega 8 - 512GB PCIe SSD – 8GB RAM",4.6 out of 5 stars,201,64869
"2021 15.6 8G + 256G celeron J3455 high-Performance Quad-core CPU, 2PCS 4500mAh can Work continuously for 6-8 Hours, WiFi, HDMI, Bluetooth 4.0, Windows 10 (Silver 8G+256G)",3.0 out of 5 stars,4,43012
Thin and Light Laptop 15.6 inch Windows 10 Pro Celeron Quad Core 8GB RAM 128GB SSD Full HD Display with Dual WiFi Mini HDMI,3.8 out of 5 stars,5,40323
"2021 Newest HP 15.6"" FHD Notebook Laptop Computer, Intel Celeron N4020 Processor, 8GB DDR4 RAM, 128GB SSD, 1-Year Office 365, Webcam, WiFi, RJ-45, Windows 10 Home in S Mode, Type-C HUB",4.4 out of 5 stars,28,48973
"2021 Newest HP 17.3"" FHD 1080P IPS Laptop, 11th Gen Intel 4-Core i5-1135G7(up to 4.2 GHz), 12GB DDR4-3200MHz, 512GB PCIe SSD, Intel Iris Xe Graphics, WiFi, HDMI, Webcam, Win10 S, w/GM Accessories",4.3 out of 5 stars,26,93494
"Acer Swift 3 Intel Evo Thin & Light Laptop, 14"" Full HD, Intel Core i7-1165G7, Intel Iris Xe Graphics, 8GB LPDDR4X, 256GB NVMe SSD, Wi-Fi 6, Fingerprint Reader, Back-lit KB, SF314-59-75QC",4.3 out of 5 stars,321,80181
"Lenovo IdeaPad 3i Laptop (Latest Model), 15.6” Full HD Display, Intel Pentium Gold 7505 2.0GHz, 8GB RAM, 128GB SSD, 1 Year Microsoft Office 365, Bluetooth 5, Windows 11 in S Mode, Grey",5.0 out of 5 stars,3,46751
"Dell Inspiron 15 3000 Business and Student Laptop (2021 Latest Model), 15.6"" HD Display, Intel N4020 Dual-Core Processor, 8GB RAM, 256GB SSD, Webcam, HDMI, Bluetooth, Wi-Fi, Black, Windows 10",4.3 out of 5 stars,"1,993",54817
"ASUS TUF Dash 15 (2021) Ultra Slim Gaming Laptop, 15.6” 144Hz FHD, GeForce RTX 3050 Ti, Intel Core i7-11370H, 8GB DDR4, 512GB PCIe NVMe SSD, Wi-Fi 6, Windows 10, Eclipse Grey Color, TUF516PE-AB73",4.5 out of 5 stars,565,N/A
"HP Chromebook 14-inch HD Laptop, Intel Celeron N4000, 4 GB RAM, 32 GB eMMC, Chrome (14a-na0020nr, Ceramic White)",4.5 out of 5 stars,"5,340",27467
"Dell Inspiron 15 3511, 15.6 inch FHD Non-Touch Laptop - Intel Core i3-1115G4, 8GB DDR4 RAM, 256GB SSD, Intel UHD Graphics, Windows 11 Home - Carbon Black (Latest Model)",4.7 out of 5 stars,4,63700
"Windows 10 Pro Laptop, BiTECOOL 2022 New 14 inches HD Clear Display Pc Laptops, with Intel Celeron Dual Core, 6GB LPDDR4, 2.4G WiFi, BT4.0 and Long Lasting Battery, Mic (120GB SSD, J4005)",4.4 out of 5 stars,76,32610
"HP Pavilion Laptop (2021 Latest Model), 17.3"" HD+ Narrow Bezel Touchscreen, AMD Ryzen 5 5500U Processor (Beats i7-1185G7), 32GB RAM, 1TB SSD, Long Battery Life, Win 10",3.8 out of 5 stars,11,99233
"14.1"" Full HD Windows 10 Laptop - 128GB Storage, 4GB RAM, T90B+ Pro Model Lapbook, Intel Quad Core CPU, Dual Band WiFi (2X WiFi Speeds), Supports M.2 SATA SSD",3.9 out of 5 stars,"2,908",40907
"Acer NX.GV7AA.003 Chromebook Intel Celeron N3350 (1.10GHz) 4GB RAM Memory. 32GB eMMC Storage 11.6"" HD Screen Chrome OS",N/A,N/A,23375
"Jumper Laptop 13.3"" Full HD 1920 x 1080 IPS 4GB RAM 64GB ROM Windows 10 Intel Celeron Processor Thin and Light Laptop Free Office 1 Year Dual Band 5GHz WiFi,Bluetooth, with Webcam",3.8 out of 5 stars,127,28050
2022 ASUS TUF FX706HE Gaming Laptop 17.3” 144Hz FHD IPS Display Intel 6-Core i5-11260H 16GB DDR4 512GB NVMe SSD NVIDIA GeForce RTX 3050 4GB GDDR6 WiFi AX BT 5.2 RJ45 USB-C Backlit Windows 10 w/USB,N/A,N/A,N/A
"[Windows 11 Home] 2021 Newest HP 17z Laptop | 17.3"" HD+ Touchscreen | AMD Ryzen 3 5300U Quad-Core 2.6GHz to 3.8GHz Processor | 32GB DDR4 Memory | 1TB SSD + 2TB HDD | Type-C | Webcam | Silver",1.0 out of 5 stars,1,117934
"SAMSUNG XE350XBA-K01US Chromebook 4 + Chrome OS 15.6"" Full HD Intel Celeron Processor N4000 4GB RAM 32Gb Emmc Gigabit Wi-Fi, Silver",4.4 out of 5 stars,"4,124",N/A
"HP 15.6"" FHD Laptop Computer, AMD Ryzen 5-5500 (Beat i5-10500) 6-Cores Processor, 16GB RAM, 512GB SSD, HD Webcam, HDMI, Bluetooth, Wi-fi, Windows 10, Silver + TSBEAU 3.0 Hub & USB LED Light",3.7 out of 5 stars,8,75856
"2021 HP 14"" HD Laptop for Business and Student, AMD Ryzen3 3250U (up to 3.5 GHz), 16GB RAM, 1TB HDD+128GB SSD, Ethernet, Webcam, WiFi, Bluetooth, HDMI, Fast Charge, Win10, w/Ghost Manta Accessories",4.4 out of 5 stars,181,73519
"ASUS TUF Gaming F17 Gaming Laptop, 17.3” 144Hz FHD IPS-Type Display, Intel Core i5-10300H, GeForce GTX 1650 Ti, 8GB DDR4, 512GB PCIe SSD, RGB Keyboard, Windows 10, Bonfire Black, FX706LI-ES53",4.7 out of 5 stars,301,99063
"DaySky Windows 10 Laptops, 12GB DDR4 RAM, 512GB M.2 SSD, 15.6 Inches FHD IPS, Intel Celeron N5095 Quad-Core 10nm Processor, Full Size Keyboard, 5mm Narrow Bezel, WiFi, USB 3.0, Type C Computer, Red",4.6 out of 5 stars,27,63115
"11.6"" HD Windows 10 Laptop with 4GB RAM, 128GB Storage, Anti-Glare, Intel 64-bit USB 3.0, Supports 256GB tf-Card, C60Bv2 128GB Model",4.3 out of 5 stars,16,29219
"Lenovo IdeaPad 1 Laptop, 14.0"" HD (1366 x 768) Display, Intel Celeron N4020 Processor, 4GB DDR4 RAM, 64 GB SSD Storage, Intel UHD Graphics 600, Windows 11 in S Mode, 81VU00D1US, Ice Blue",4.4 out of 5 stars,897,33894
Goldengulf 10.1 Inch Portable Quad Core 8GB Computer Laptop PC Android 6.0 Mini Netbook Slim and Lightweight Notebook Webcam Netflix YouTube Google Player Flash (Pink),3.6 out of 5 stars,6,18567
"WiFi Projector 1080P Native, 8500L Bluetooth Projector, Video Projector 300″ Display, Outdoor Movie Projector Compatible with TV Stick/HDMI/AV/VGA/USB/Phones/Laptops",4.3 out of 5 stars,34,17531
"ASUS TUF Gaming F17 Gaming Laptop, 17.3” 144Hz FHD IPS-Type Display, Intel Core i5-10300H, GeForce GTX 1650 Ti, 8GB DDR4, 512GB PCIe SSD, RGB Keyboard, Windows 10, Bonfire Black, FX706LI-ES53",4.7 out of 5 stars,301,99063
"[Upgrade] CHUWI HeroBook Pro 14.1 inch Laptop PC, Intel Gemini-Lake N4020 Quad-Core, 1920x1080 FHD IPS Display Ultra Slim Laptop Computer, 8G RAM 256GB SSD, Windows 10(Support to Update Win 11)",3.9 out of 5 stars,"1,132",42076
"DaySky Windows 10 Laptops, 12GB DDR4 RAM, 512GB M.2 SSD, 15.6 Inches FHD IPS, Intel Celeron N5095 Quad-Core 10nm Processor, Full Size Keyboard, 5mm Narrow Bezel, WiFi, USB 3.0, Type C Computer, Red",4.6 out of 5 stars,27,63115
"Acer Predator Helios 300 PH315-54-760S Gaming Laptop | Intel i7-11800H | NVIDIA GeForce RTX 3060 Laptop GPU | 15.6"" Full HD 144Hz 3ms IPS Display | 16GB DDR4 | 512GB SSD | Killer WiFi 6 | RGB Keyboard",4.7 out of 5 stars,"3,826",N/A
Goldengulf 10.1 Inch Portable Quad Core 8GB Computer Laptop PC Android 6.0 Mini Netbook Slim and Lightweight Notebook Webcam Netflix YouTube Google Player Flash (Black),3.6 out of 5 stars,6,18567
"Thomson WWNEO15I5-8BK1T 15.6 in 2.7GHz Intel Core I5 Broadwell I5-5257U Processor 8GB DDR3L RAM |1TB Hard Disk & Intel Iris 6100 Graphic Processor, Windows 10 Home , Black",4.2 out of 5 stars,16,46751
"HP Stream 14-Inch Laptop, Intel Celeron N4000, 4 GB RAM, 64 GB eMMC, Windows 10 Home in S Mode (14-cb159nr, Jet Black)",4.4 out of 5 stars,"2,562",32703
"Lenovo Chromebook C330 2-in-1 Convertible Laptop, 11.6-Inch HD (1366 x 768) IPS Display, MediaTek MT8173C Processor, 4GB LPDDR3, 64 GB eMMC, Chrome OS, 81HY0000US, Blizzard White",4.5 out of 5 stars,"9,007",28050
"2021 Newest HP 15.6 HD Touchscreen Micro-Edge Laptop, AMD Ryzen 7 5700U 8 cores(up to 4.3GHz, Beat i5-1135G7), 12GB RAM, 512GB NVMe SSD, Numpad, WiFi 6, Bluetooth 5.2, HDMI, USB A&C, Windows 11",N/A,N/A,89882
Dell Chromebook 11 3120 Laptop Intel Celeron 2.16GHz 2GB RAM 16GB SSD (C) (Renewed),4.3 out of 5 stars,297,9290
"2022 HP Pavilion Laptop, 15.6"" FHD Anti-Glare IPS Display, 11th Gen Intel Core i3-1125G4 Quad-Core Processor (Beats i7-1065G7), 16GB DDR4 RAM, 256GB SSD, Backlit Keyboard, Fingerprint, Windows 10",4.4 out of 5 stars,128,61830
"Lenovo IdeaPad S150 (81VS0001US) Laptop, 14"" HD Display, AMD A6-9220e Upto 2.4GHz, 4GB RAM, 64GB eMMC, HDMI, Card Reader, Wi-Fi, Bluetooth, Windows 10 Home, Silver",3.9 out of 5 stars,"1,511",30155
"Laptop Computer 13.5 inch, ALLDOCUBE Stream Book, Intel Celeron Gemini Lake N4020, 8GB RAM, 256GB SSD, 3K Display 3000x2000, 2.4G+5G WiFi, Bluetooth 4.2, Type C, HDMI, Full Metal Body, Windows 10",3.3 out of 5 stars,9,35063
"Acer Aspire 5 A515-55-35SE, 15.6"" Full HD Display, 10th Gen Intel Core i3-1005G1 Processor, 4GB DDR4, 128GB NVMe SSD, Intel WiFi 6 AX201, Backlit KB, Fingerprint Reader, Windows 10 Home (S Mode)",4.6 out of 5 stars,"2,327",47688
"Lenovo ThinkBook 13s Gen 2 Intel Laptop 2022 Newest, 13.3"" IPS 300 nits, 11th Intel i7-1165G7(up to 4.7GHz) 16GB RAM 1TB NVMe SSD, Backlit Keyboard, Fingerprint Reader, Win 10 Pro",N/A,Only 17 left in stock - order soon.,128569
"LincPlus 14"" Laptop Intel Celeron N3350 4GB RAM 64GB eMMC Storage,Windows 10 Home in S Mode Computer Laptop Full HD 1080P Fanless Quiet Mini Metal Netbook,Support 128GB TF Cardand 1TB SSD Expansion",3.9 out of 5 stars,59,31441
"HP Pavilion x360 14” Touchscreen Laptop, 11th Gen Intel Core i5-1135G7, 8 GB RAM, 256 GB SSD Storage, Full HD IPS Display, Windows 10 Home OS, Long Battery Life, Work & Streaming (14-dw1024nr, 2021)",4.5 out of 5 stars,413,81233
"HP 14"" HD AMD Ryzen 3 3.5GHz 4GB 128GB SSD Radeon Vega 3 Webcam Windows 10 Laptop",4.4 out of 5 stars,351,39738
"HP 14-inch Chromebook HD Touchscreen Laptop PC (Intel Celeron N3350 up to 2.4GHz, 4GB RAM, 32GB Flash Memory, WiFi, HD Camera, Bluetooth, Up to 10 hrs Battery Life, Chrome OS , Black)",4.5 out of 5 stars,"1,862",25597
"CHUWI HeroBook Air 11.6"" Windows 10 Laptop, Intel Celeron N4020 Processor, 4GB DDR4 RAM, 128GB SSD, HD Display, WiFi, Webcam, Ultra Slim and Light Notebook for School Studend",4.4 out of 5 stars,46,24428
"Newest 2022 HP 14"" HD Touchscreen Display Laptop, AMD Ryzen 3 3250U (Up to 3.5GHZ, Beat i5-7200U), 16GB DDR4 RAM, 1TB SSD, AMD Radeon Graphics, HDMI, Webcam, Windows 11 S, w/3in1 Accessories",3.9 out of 5 stars,3,77025
"Lenovo IdeaPad 3 17 Laptop 17.3” HD+ Display, Intel 10th Gen Quad-Core i5-1035G1, 20GB RAM, 256GB SSD + 1TB HDD, Webcam, Dolby Audio, USB 3.0, HDMI, Abyss Blue, Windows 10 Home",3.9 out of 5 stars,6,89631
"HP 15-dy1036nr 10th Gen Intel Core i5-1035G1, 15.6-Inch FHD Laptop, Natural Silver",4.5 out of 5 stars,"2,416",66623
"HP Stream 14 Pink - Celeron N4000 - 4 GB RAM - 64 GB eMMC Storage - 14"" LCD - Wireless - Bluetooth - Webcam - Windows 10 S",4.6 out of 5 stars,186,35064
"Dell Latitude 3000 3310 13.3"" HD (1366x768) Core i3-8145U 8GB RAM 128GB SSD Win 10 Pro (Renewed)",5.0 out of 5 stars,2,52480
"Walking Desk - Mobile Laptop Desk - Hands Free Wearable Desk - Mobile Laptop Harness - Standing Desk - Walking Desk for Tablet, Clipboard or 13"" Laptop",N/A,Only 16 left in stock - order soon.,4557
"HP 15-dy1036nr 10th Gen Intel Core i5-1035G1, 15.6-Inch FHD Laptop, Natural Silver",4.5 out of 5 stars,"2,416",66623
"2021 Newest HP 17.3 FHD Bussiness Laptop, Intel 11th Gen Core i5-1115G4 Up to 4.2GHz, 16GB DDR4 RAM, 512GB SSD, WiFi, HDMI, Webcam, Windows 10, Natural Silver, w/GM Accessories",4.7 out of 5 stars,20,93494
"HP Stream 14 Pink - Celeron N4000 - 4 GB RAM - 64 GB eMMC Storage - 14"" LCD - Wireless - Bluetooth - Webcam - Windows 10 S",4.6 out of 5 stars,186,35064
"HP EliteBook 850 G8 15.6"" Notebook, Intel Core i5-1135G7, 8GB DDR4 SDRAM, 256GB SSD, Intel Iris Xe Graphics, Windows 10 Pro (33Y75UT#ABA) (Renewed)",N/A,Only 8 left in stock - order soon.,151830
"TECLAST 15.6"" Traditional Laptop Computers, 6GB+128GB SSD Thin Bezel Laptop Computer, Quad Core Intel J3455 1920x1080 FHD Windows 10 Laptop, Full Size Keyboard, 2.4G+5G WiFi Bluetooth USB3.0 TF Expand",3.8 out of 5 stars,48,40907
"2022 Newest HP 15.6"" FHD 1080P IPS Display Laptop Computer, 11th Gen Intel Core i3-1115G4(Up to 4.1GHz), 12GB RAM, 256GB SSD, Webcam, Bluetooth, Wi-Fi, HDMI, Finger Print Reader, Windows 10 S, Silver",N/A,Only 13 left in stock - order soon.,58324
"Lenovo IdeaPad 3 17.3"" Laptop, 17.3"" HD+ (1600 x 900) Display, AMD Ryzen 5 5500U Processor, 8GB DDR4 RAM, 512GB M.2 SSD Storage, AMD Radeon 7 Graphics, Windows 10 Home, 82KV003MUS, Abyss Blue",4.7 out of 5 stars,20,68963
"HP Pavilion Laptop (2021 Latest Model), 15.6"" FHD Display, Intel Celeron Processor, 16GB DDR4 RAM, 1TB SSD, Online Conferencing, Webcam, HDMI, WiFi, Bluetooth, Windows 10",4.1 out of 5 stars,28,64168
"[Windows 11 Home] 2021 Newest HP 17z Laptop | 17.3"" HD+ Touchscreen | AMD Ryzen 3 5300U Quad-Core 2.6GHz to 3.8GHz Processor | 32GB DDR4 Memory | 1TB SSD + 2TB HDD | Type-C | Webcam | Silver",1.0 out of 5 stars,1,117934
"TECLAST Gaming Laptop, Intel Core i5-8259U, 15.6 Inch FHD Matte IPS Traditional Windows 10 Laptops Computers, 8GB RAM 256GB SSD, Super Silent Cooling, Backlit, Fast Charge, Long Battery Life",4.3 out of 5 stars,19,70128
"2021 Newest Dell Inspiron 5515 Touch Laptop, 15.6"" FHD LED Touchscreen, AMD Ryzen 5 5500U (>i7-1065G7), 16GB RAM, 512GB SSD, Webcam, Backlit Keyboard, Fingerprint Reader, WiFi, Win 10 Home",4.6 out of 5 stars,11,105077
Winnovo Laptop Computers 14-Inch Windows-10 Notebook - WinBook K146 Intel Celeron Processor 6GB RAM 64GB ROM FHD IPS Display 5G WiFi HDMI (Silver),3.8 out of 5 stars,187,37401
"Microsoft 12.4"" Multi-Touch Surface Laptop Go, Intel Core i5-1035G1, 8GB RAM, 128GB SSD, Integrated Intel UHD Graphics, Windows 10 Home in S Mode, 1ZZ-00003, Sandstone (Renewed)",4.9 out of 5 stars,26,62415
"Fusion5 14.1inch A90B+ Pro 64GB Windows 10 Laptop - 4GB RAM, 64GB Storage, Full HD IPS, Bluetooth, 2MP Webcam, Dual Band WiFi Laptop",4.1 out of 5 stars,"1,183",27315
"Windows 10 Laptop TECLAST Traditional Computer 15.6 Inch Full HD 1920 x 1080 IPS, 8GB RAM 256GB SSD, Intel N4120 Processor, Dual Band 2.4G+5G WiFi, 2xUSB 3.0, Bluetooth 4.2, Type C",3.3 out of 5 stars,6,44414
"Lenovo ThinkPad E15 Business Laptop (2022 Model), 15.6"" FHD IPS Display, Intel Core i7-1165G7, Intel Iris Xe Graphics, 32GB RAM, 1TB PCIe SSD, Backlit Keyboard, Fingerprint Reader, WiFi 6, Win10 Pro",N/A,N/A,N/A
"HP Stream Laptop PC 11.6"" Intel N4000 Quad Core 4GB DDR4 SDRAM 32GB eMMC (Renewed)",4.3 out of 5 stars,262,20921
"GIGABYTE G5 KC - 15.6"" FHD IPS Anti-Glare 144Hz - Intel Core i5-10500H - NVIDIA GeForce RTX 3060 Laptop GPU 8 GB GDDR6 - 16 GB Memory - 512 GB PCIe SSD-Windows 10 Home - Gaming Laptop(G5 KC-5US1130SH)",4.2 out of 5 stars,13,122609
"Dell Inspiron 15 FHD Touchscreen Laptop, AMD Ryzen 5 5500U (Beats i7-11370H), 16GB RAM, 512GB PCIe SSD, AMD Radeon Graphics, Backlit Keyboard, Fingerprint Reader, Win10, Platinum Silver (Latest Model)",3.9 out of 5 stars,12,99233
"(Renewed) Apple iPad Air 2, 16 GB, Space Gray",4.4 out of 5 stars,"11,295",26298
2022 ASUS TUF FX706HE Gaming Laptop 17.3” 144Hz FHD IPS Display Intel 6-Core i5-11260H 16GB DDR4 512GB NVMe SSD NVIDIA GeForce RTX 3050 4GB GDDR6 WiFi AX BT 5.2 RJ45 USB-C Backlit Windows 10 w/USB,N/A,N/A,N/A
"Jumper Laptop 13.3 inch 8GB RAM 256GB ROM Quad Core Celeron, Windows 10 Thin and Light Laptop, Full HD 1080P Display, Dual-Band WiFi,USB3.0,Support 256GB TF Card Expansion,Gray",4.5 out of 5 stars,16,40792
"2020 Newest ASUS VivoBook 15.6"" Full HD Laptop AMD Ryzen 7 3700U 12GB RAM 512GB SSD Radeon RX Vega HDMI WiFi Bluetooth 10 Windows 10 Home Silver",4.4 out of 5 stars,174,93272
"2021 Newest HP 15 15.6"" FHD Laptop Computer, Intel Core i3 1115G4 up to 4.1GHz (Beat i5-8365U), 16GB DDR4 RAM, 256GB PCIe SSD, 802.11AC WiFi, Bluetooth 4.2, Webcam, Windows 10 S, iPuzzle Type-C HUB",4.2 out of 5 stars,46,63934
"XINYANGCH 2020 15.6-inch Ultra-Thin Laptop 8G + 128G Celeron J3455 high-Performance Quad-core CPU, Buttons with Backlight, WiFi Internet Access, HDMI, Bluetooth 4.0, Windows 10 (Silver 8G + 128G",2.8 out of 5 stars,15,41843
"Dell XPS 15 9500 15.6 inch FHD+ Laptop Intel Core i7-10750H 10th Gen, I7-10750H (6-CORE) 512GB PCIe SSD 16GB RAM GTX 1650 Ti 4GB GDDR6, Windows 10 Professional (Renewed)",4.0 out of 5 stars,15,198699
"13.3” Laptop Touchscreen Computer Windows 10 Pro Rugged Full HD Business Foldable Notebook Computer with Intel Pentium J4205 Quad-Core 6GB DDR4 512GB SSD Waterproof Design AWOW,Grey,VT13",3.8 out of 5 stars,12,50258
"Portable Windows 10 10.1inch Education Laptop Notebook Computer Learning Laptop Netbook for Kids Men Women (3GB/32GB, Blue)",3.8 out of 5 stars,391,23375
Dell Chromebook 11 CB1C13 11.6inch Laptop Intel Celeron 2955U 1.40GHz 2GB 16GB SSD (Renewed),4.1 out of 5 stars,967,9878
"TECLAST F15S Windows 10 Laptops 15.6 Inch Traditional Laptop Computers, 6GB RAM 128GB SSD, Full HD 1920x1080 IPS, Intel N4020 Processor, Dual Band 2.4G+5G WiFi, Bluetooth 4.2, USB 3.0x2, Mini HDMI",1.0 out of 5 stars,1,32725
"HP 17 Laptop, AMD Athlon Silver 3050U, 4 GB RAM, 256 GB SSD Storage, 17.3-inch HD+ Display, Windows 10 Home with Added Security, Long Battery Life, Dual Speakers, HD Web-Camera (17-cp0010nr, 2020)",3.6 out of 5 stars,8,N/A
"2021 Newest HP 15.6"" Micro-Edge HD Laptop, Intel Core i3-1115G4 up to 4.1GHz (Beat i5-1035G4), 16GB RAM, 512GB NVMe SSD, Numpad, Lightweight, WiFi, Bluetooth, Webcam, Fast Charge, HDMI, Win10 S",N/A,N/A,66506
"Lenovo IdeaPad 3 15"" Laptop, 15.6"" HD (1366 x 768) Display, AMD Ryzen 3 3250U Processor, 4GB DDR4 Onboard RAM, 128GB SSD, AMD Radeon Vega 3 Graphics, Windows 10, 81W10094US, Business Black",4.5 out of 5 stars,"1,552",52128
"Windows Laptop 15.6 inch 8GB RAM DDR4 256GB M.2 SSD Notebook Computers, Intel J4125Quad-Core Computer Laptop, 1080P IPS Windows10 Pro PC Laptops, Full Size Keyboard",4.1 out of 5 stars,161,41958
"2020 HP 14"" HD (1366 x 768) Thin and Light Laptop PC, Intel Celeron N4020 Dual-Core Processor, 4GB DDR4 Memory, 64GB eMMC, HDMI, WiFi, Bluetooth, Windows 10 S, 1 Year Microsoft 365, Snowflake White",4.5 out of 5 stars,116,28986
"2021 Newest HP 14 inch HD Laptop Computer, Intel Celeron N4000 up to 2.6 GHz, 4GB DDR4, 64GB eMMC Storage, WiFi , Webcam, HDMI, Bluetooth, 1 Year Microsoft 365,Windows 10 S, Black + Hubxcel Cables",4.3 out of 5 stars,79,36116
"HP 14-Inch Laptop, 7th Gen AMD A9-9425, 4 GB SDRAM Memory, 128 GB Solid-State Drive, Windows 10 Home in S Mode (14-dk0020nr, Natural Silver) (Renewed)",N/A,Only 1 left in stock - order soon.,44375
"ASUS VivoBook 15 OLED K513 Thin & Light Laptop, 15.6 OLED Display, Intel i5-1135G7 CPU, Intel Iris X Graphics, 12GB RAM, 512GB PCIe SSD, Fingerprint Reader, Windows 10 Home, Indie Black, K513EA-AB54",4.2 out of 5 stars,28,84154
"Lenovo IdeaPad 3 14"" Laptop, Intel Core i3-1005G1 Processor, 4GB DDR4 RAM, 128GB M.2 SSD Storage, 14.0"" FHD (1920 x 1080) Display, Integrated Graphics, Windows 10 S, 81WD010QUS, Platinum Grey",4.4 out of 5 stars,62,42163
"Huashe 14 Laptop Win10 Pro, Intel Celeron N3350 Processor, 6 GB RAM, 128 GB SSD, 14” HD Display, Lightweight Computer with Webcam and Dual WiFi, Home, School, Music, Movies",5.0 out of 5 stars,3,28751
HP Chromebook 11 G3 11.6-inch Intel Celeron N2840 Google Chrome OS Notebook Laptop (Renewed) (4GB Ram | 16GB SSD),4.0 out of 5 stars,714,11571
"Lenovo IdeaPad 3 15.6"" Touchscreen Laptop - AMD Ryzen 5 5500U - Abyss Blue MD Ryzen 5 5500U 12GB DDR4 2666MHz RAM 512GB NVMe M.2 Solid State Drive 82KU00C1US",4.6 out of 5 stars,13,70128
"2021 Newest Acer Aspire 5 Slim Laptop, 15.6"" FHD LED Display, 11th Gen Intel Core i3-1115G4 Processor, 12 GB DDR4 RAM, 1 TB HDD, WiFi 6, Amazon Alexa, Windows10 Home (Latest Model)",4.4 out of 5 stars,267,61946
"2020_HP 14 14.0"" WLED-Backlit Display Laptop, AMD Athlon Silver 3050U Up to 3.2GHz (Beats i5-7200U), 4GB DDR4 RAM, 128GB SSD, 802.11AC WiFi+ Bluetooth 4.2, Type-C, HDMI, Black, Windows 10",4.5 out of 5 stars,244,34714
"2021 Dell Inspiron 3510 Laptop Computer, 15.6"" HD Display, Intel Pentium Processor N5030 (Up to 3.10Ghz), 16GB RAM, 512 GB SSD, Webcam, Wi-Fi, HDMI, SD Card Reader, Windows 10, Black (Latest Model)",5.0 out of 5 stars,6,61946
BOCCONI 15.6 inch Large Screen Laptops Clearance Full HD 1920x1080 IPS Notebook 6GB RAM 128GB SSD Windows 10 Home Computer with Celeron N3450 up to 2.20 GHz with 1.0M FF Webcam Laptop,4.3 out of 5 stars,8,36221
"14.1"" Full HD Windows Laptop PC (Windows 10, 4GB RAM, Dual Band 5GHz WiFi (2X WiFi Speeds), T90B Pro Model, Lapbook, Intel Quad-Core, USB 3.0, Bluetooth, Laptop Compute (64GB)",3.9 out of 5 stars,"2,908",32136
"TECLAST F7 Plus3 Windows 10 Laptops 14 Inch, Traditional Laptop Computers, 8GB RAM 256G SSD, Intel N4120 Processor, Dual Band 2.4G+5G Wi-Fi, Bluetooth 4.2,Mini HDMI",4.0 out of 5 stars,1,42076
"Lenovo Chromebook S330 14″HD(1366x768) Notebook Laptop, Intel MediaTek MT8173C up to 2.1 GHz, 4 Cores, 4GB LPDDR3 RAM, 32GB eMMc, Webcam, Bluetooth, WiFi, Chrome OS, Business Black, EAT 64GB SD Card",5.0 out of 5 stars,4,25246
"HP 15 Laptop, AMD Ryzen 3 3250U Processor, 8 GB RAM, 256 GB SSD Storage, 15.6-inch HD Micro-Edge Display, Windows 10 Home, Long-Lasting Battery, HP Fast Charge, 720p Webcam (15-ef1021nr, 2020)",4.5 out of 5 stars,280,55636
"Dell Latitude E5270 12.5in Business Laptop Computer, Intel Dual-Core i5-6300U up to 3.0GHz, 8GB RAM, 256GB SSD, Bluetooth 4.1, USB 3.0, HDMI, Windows 10 Professional (Renewed)",4.3 out of 5 stars,51,43128
"2021 MSI GF65 Thin 10UE Gaming Laptop: 15.6"" 144hz IPS-Level Screen, Intel 10th Gen i5-10500H, NVIDIA GeForce RTX3060, 512GB SSD, 8GB Memory, Black",N/A,Only 15 left in stock - order soon.,122609
"TECLAST 15.6” Traditional Laptop Computers, 8GB+256GB SSD, Up to 2.6GHz Quad Core Intel N4120 Windows 10 Laptop, 1920x1080 Laptop Computer 2.4G+5G WiFi, Bluetooth Mini-HDMI USB3.0x2 Work Entertainment",3.8 out of 5 stars,133,44414
"2021 Newest Lenovo IdeaPad 3 15.6” HD Touch Screen Laptop, Intel Dual-Core i3-10110U Up to 4.1 GHz, 12GB DDR4 RAM, 256GB PCI-e SSD, Webcam, WiFi, HDMI, Windows 10 Home in S Mode + Nly MP",4.2 out of 5 stars,38,67779
"MSI GF65 Gaming Laptop: 15.6"" 144Hz FHD 1080p, Intel Core i7-10750H 6 Core, NVIDIA GeForce RTX 3060, 16GB, 512GB NVMe SSD, WiFi 6, Red Keyboard, Win 10, Black (10UE-047)",4.6 out of 5 stars,92,140142
"Lenovo IdeaPad 3i 17.3” FHD Business Laptop, 11th Gen Intel Core i3-1115G4(up to 4.10 GHz), 20GB RAM 512GB PCIe SSD, USB A&C, HDMI, Windows 11 Home",N/A,N/A,86491
"HP Notebook Laptop, 14"" HD Screen, Intel Celeron N4020 Processor,4GB DDR4 Memory, 64GB eMMC, 1-Year Microsoft 365, Webcam, Type-C, HDMI, Windows 10 Home, Indigo Blue, KKE 64GB Micro SD Card",4.6 out of 5 stars,126,34947
"HP EliteBook 840 G3 14in Laptop, Core i5-6300U 2.4GHz, 8GB Ram, 240GB SSD, Windows 10 Pro 64bit (Renewed)",3.8 out of 5 stars,38,38454
"HP Chromebook 14-db0002ca 14"" 4GB 64GB AMD A4-9120C X2 1.6GHz, Gray (Renewed)",N/A,Only 9 left in stock - order soon.,30272
"MSI Creator 15 Professional Laptop: 15.6"" UHD OLED 4K DCI-P3 100% Display, Intel Core i7-11800H, NVIDIA GeForce RTX 3060, 16GB RAM, 512GB NVME SSD, Thunderbolt 4, Win10, Black (A11UE-491)",4.2 out of 5 stars,6,N/A
"Dell Inspiron 15 3000 3510 Laptop, 15.6"" Anti-Glare LED-Backlit Narrow Border Display, Intel Celeron N4020 Processor, 4GB DDR4 RAM, 128GB PCIe SSD, WiFi,Bluetooth, Black, Windows 10 S",4.3 out of 5 stars,8,37986
Lenovo IdeaPad 3 15 Intel i3-10110U 8GB 256GB SSD 15.6-inch Touch Screen Laptop,4.6 out of 5 stars,105,56921
"Lenovo V14 Business Laptop, 14"" Full HD 1080P Screen, AMD Athlon Gold 3150U Processor, 20GB Memory, 512GB PCIe SSD, Webcam, Microphone, Wi-Fi, Bluetooth, HDMI, Windows 11 Pro",4.4 out of 5 stars,6,65337
"New 2022 HP 17.3"" FHD IPS Display, 11th Gen Intel Core i5-1135G7(Beats i7-8500), Windows 11 Home, 8GB RAM, 512GB SSD, Wi-Fi 5, Bluetooth, HDMI, Webcam",5.0 out of 5 stars,1,71284
Dell Inspiron 15.6-inch Full HD Touch Screen AMD Ryzen 5 3450U Quad-Core 8GB RAM 256GB SSD Windows 10 Laptop,4.3 out of 5 stars,10,60545
"(Refurbished) Dell Chromebook 3120 Intel celeron n2840 2.16Hgz, 16GB Storage 4gb Ram",4.1 out of 5 stars,"1,649",8765
"HP 14 Laptop, AMD 3020e, 4 GB RAM, 64 GB eMMC Storage, 14-inch HD Display, Windows 10 Home in S Mode, Long Battery Life, Microsoft 365, (14-fq0020nr, 2020)",4.4 out of 5 stars,354,N/A
"TECLAST F15S Windows 10 Laptops 15.6 Inch Traditional Laptop Computers, 6GB RAM 128GB SSD, Full HD 1920x1080 IPS, Intel N4020 Processor, Dual Band 2.4G+5G WiFi, Bluetooth 4.2, USB 3.0x2, Mini HDMI",1.0 out of 5 stars,1,32725
"【8GB/MS Office 2019 】Only 0.9KG 11.6 inch Ultra-Thin Laptop high Speed CPU J3455 Quad Core Processor 8G RAM/128GB SSD WiFi/HDMI High-spec Performance Notebook with Wireless mouse (8G+128GB SSD, Black)",4.2 out of 5 stars,6,32725
"MSI Modern 14 Professional Laptop: 14"" IPS-Level Thin Bezel Display, Intel Core i7-1165G7, NVIDIA GeForce MX450, 16GB RAM, 512GB NVMe SSD, Win10 PRO, Beige Mousse (B11SB-290)",4.1 out of 5 stars,15,116765
"TECLAST 15.6"" Gaming Laptop 12GB+256GB 10th Intel Core i3-1005G1 Laptop Computer Up to 3.4GHz 15W Process 1920x1080 FHD Thin Traditional Laptop Computers HDMI 5G WiFi BT Type-C USB3.0 Zoom Study",5.0 out of 5 stars,8,63115
"2021 Newest Dell Inspiron 15 3000 Series 3505 Laptop, 15.6"" Full HD Touchscreen, AMD Ryzen 5 3450U Quad-Core Processor, 16GB DDR4 RAM, 1TB Hard Disk Drive, Webcam, Wi-Fi, HDMI, Windows 10 Home, Black",4.4 out of 5 stars,76,82869
"HP Chromebook 14b Laptop, AMD Athlon Silver 3050C Mobile Processor, 4 GB RAM, 64 GB eMMC Storage, 14-inch Full HD IPS Touchscreen, Google Chrome OS, Audio by B&O, Privacy Camera (14b-na0010nr, 2021)",4.0 out of 5 stars,10,50843
"Lenovo IdeaPad Thin and Light Laptop, 15.6"" FHD Display, AMD Ryzen 5 5500U Processor (Beats i7-1185G7), 20GB RAM, 512GB PCIe SSD, Backlit Keyboard, Fingerprint Reader, Windows 10, Grey (Latest Model)",4.3 out of 5 stars,48,N/A
"2021 Newest HP 17 Laptop, 17.3"" HD+ Anti-Glare Screen, AMD Athlon Gold 3150U Processor, 16 GB RAM, 512GB PCIe NVMe SSD, Long Battery Life, Webcam, Mics, WiFi, Windows 10 Home, Jet Black",4.6 out of 5 stars,3,73634
"HP 15.6"" Full HD (1920 x 1080) Laptop, Intel Core i5-1135G7, 8GB RAM, 256GB SSD, Windows 10 Home, Natural Silver",4.2 out of 5 stars,10,N/A
"VGKE B14 Windows 10 Laptop, 14.1 inches Full HD 19201080 IPS 100% sRGB Display, Itel X7-E3950 Quad-Core, 6GB LPDDR3, 128GB SSD, Expandable 1TB, 4K, WiFi, BT4.0 (Silver)",N/A,"Save KES 3,506.48",35063
"ASUS VivoBook 17 F712DA Thin and Light Laptop, 17.3” HD+, Intel Core i5-8265U Processor, 8GB DDR4 RAM, 128GB SSD + 1TB HDD, Windows 10 Home, Transparent Silver, F712DA-DB51",4.0 out of 5 stars,"2,313",75644
2022 ASUS R565EA VivoBook Laptop 15.6” FHD Touchscreen Intel 11th Gen Dual-Core i3-1115G4 12GB DDR4 RAM 256GB PCIe SSD HDMI WIFI AC BT Backlit Keyboard Fingerprint USB C Windows 11 Pro w/ RE USB Drive,4.7 out of 5 stars,55,72466
"Gamber-Johnson (No Suggestions) Keyed Alike - Docking Station, Black (7160-0486-02-P) (Renewed)",N/A,Only 2 left in stock - order soon.,34947
"ASUS 15.6'' Touchscreen VivoBook Thin and Light Laptop | Intel Core i3-1005G1 (Beats i5-8250U) | Full HD, Fingerprint, Windows 10, Gray (8GB|256GB SSD, i3-1005G1)",5.0 out of 5 stars,1,61829
HP 15-dw Laptop Intel Core i3-1115G4 8GB 256GB SSD 15.6 Full HD WLED Win 10,4.3 out of 5 stars,15,48621
"2021 HP Stream 14"" HD SVA Laptop Computer, Intel Celeron N4000 Processor, 4GB RAM, 64GB eMMC flash memory, Intel UHD Graphics 600, 1-Year Office, Bluetooth, Win 10S, Rose Pink, 128GB SnowBell USB Card",4.5 out of 5 stars,676,41960
"TECLAST Laptop Computer 15.6 inch, 8GB LPDDR4 256GB SSD,1920x1080 FHD IPS Thin Traditional Laptop Computer, Up to 2.6GHz Intel N4120 Windows 10, 2.4G+5G WiFi USB3.0 Type-C Mini-HDMI BT Zoom Study",5.0 out of 5 stars,2,44414
"TECLAST F7 Plus2 14” Laptop Computer, 8GB RAM 256GB SSD Windows 10 Laptop Up to 2.6GHz Intel N4120, 1920x1080 FHD IPS Display, Lightweight Windows Laptop 2.4G+5G WiFi Bluetooth USB3.0 Mini-HDMI",3.9 out of 5 stars,25,42076
Apple MacBook Air 13.3in LED Laptop Intel i5-5250U Dual Core 1.6GHz 4GB 128GB SSD Early 2015 - MJVE2LL/A (Renewed),4.3 out of 5 stars,"1,277",40218
"HP 2018 Elitebook 840 G1 14inch HD LED-backlit anti-glare Laptop Computer, Intel Dual-Core i5-4300U up to 2.9GHz, 8GB RAM, 500GB HDD, USB 3.0, Bluetooth, Window 10 Professional (Renewed)",4.0 out of 5 stars,"1,104",34947
"2022 Newest HP Pavilion Laptop, 17"" HD+ (1600 x 900) LED Display, Intel Celeron Processor, Intel UHD Graphics, 8GB DDR4 RAM, 256GB SSD, Backlit Keyboard, DVD-Writer, Windows 10, Rose Gold",N/A,Only 10 left in stock - order soon.,64168
"ASUS ROG Strix G15 (2021) Gaming Laptop, 15.6” 300Hz IPS Type FHD Display, NVIDIA GeForce RTX 3060, AMD Ryzen 9 5900HX, 16GB DDR4, 512GB PCIe NVMe SSD, RGB Keyboard, Windows 10, G513QM-EB94",4.3 out of 5 stars,53,169478
"【Win10/Office 2010 】 Only 0.8KG 10.1 inch Ultra-Thin Laptop AtomX5 Z8350 Quad Core Processor 2G RAM/32GB EMMC High-spec Performance Notebook (2G+HDD Capacity 64G (Including 32G Micro SD Card), Black)",3.3 out of 5 stars,105,24544
"CHUWI GemiBook X Windows 10 Laptop Computer, 15.6in Gaming Laptop 4G RAM 128GB NVMe SSD with Celeron N5100 Processor 1920x1080 2K IPS Display Notebook PC, Support PD Fast-Charging, Backlit Keyboard",4.2 out of 5 stars,36,46636
ASUS Chromebook 11.6-Inch WLED Intel Celeron N4000 4GB 32GB eMMC Chrome OS,4.6 out of 5 stars,3,23362
"Dericam 1080P HD Webcam with Microphone, USB Webcam, Play and Plug Computer Camera For Skype, FaceTime, PC/Mac/Laptop with Privacy Cover for Video Calling Streaming, Conference, Gaming, Online Classes",4.2 out of 5 stars,75,1868
"2021 HP Stream 14"" HD Thin and Light Laptop, Intel Celeron N4000 Processor, 4GB RAM, 64GB eMMC, HDMI, Webcam, WiFi, Bluetooth, Windows 10 S, Rose Pink With SAM- (Renewed)",5.0 out of 5 stars,1,28050
"ASUS Q550LF-BBI7T07 15.6"" Touch Screen 8GB Memory 1TB Hard Drive",3.7 out of 5 stars,41,N/A
"MSI GE76 Raider 17.3"" 360Hz FHD Display, Intel Core i9-11980HK, NVIDIA GeForce RTX3080, 32GB, 1TB NVMe SSD, Win10 ,Titanium Blue (11UH-053)",4.0 out of 5 stars,14,391439
"HP Pavilion Laptop (2022 Model), 14-inch Micro-Edge HD Display, AMD Athlon Gold 3150U, 16GB RAM, 512GB SSD, Thin & Portable, Webcam, HDMI, Wi-Fi, Bluetooth, Win 10",N/A,N/A,50142
"CHUWI 15.6in Computer Laptop,Intel Core i5-8259U Processor,Windows 10 Laptop,1920X1080 IPS,CoreBook Xpro i5 Gaming Laptop 8GB RAM 512GB SSD, Backlit Keyboard Windows Computer, WiFi, Webcam, BT",3.9 out of 5 stars,10,75856
"MSI GF63 Thin 9SC-068 15.6"" Gaming Laptop, Thin Bezel, Intel Core i5-9300H, NVIDIA GeForce GTX1650, 8GB, 256GB NVMe NVMe SSD",4.4 out of 5 stars,319,87193
"Dell Latitude 3520, 15.6 inch FHD Non Touch Laptop - Intel Core i5-1135G7, 8GB DDR4 RAM, 256GB SSD HD, Intel Iris Xe Graphics, Windows Pro - Black (Latest Model)",N/A,More Buying Choices,107297
"MSI GS76 Stealth Gaming Laptop: 17.3"" 4K Display, Intel Core i9-11900H, NVIDIA GeForce RTX 3080, 64GB, 2TB SSD, Thunderbolt 4, WiFi 6, Win10, Black(11UH-078)",4.8 out of 5 stars,5,467529
"TECLAST 15.6” Traditional Laptop Computers, 8GB+256GB SSD, Up to 2.6GHz Quad Core Intel N4120 Windows 10 Laptop, 1920x1080 Laptop Computer 2.4G+5G WiFi, Bluetooth Mini-HDMI USB3.0x2 Work Entertainment",3.8 out of 5 stars,133,44414
"15.6 inch Laptop, IPS Display, 64-bit Quad-core celeron_j4115 Processor, 8GB RAM, 256GB SSD, scalable 1TB SSD Solid State Drive, 10000mAh high Battery Life, Windows 10 Pro",3.2 out of 5 stars,39,45467
"HP 2021 Stream 14in HD Display, Intel Celeron N4020 Dual-Core Processor, 4GB DDR4 Memory, 128 GB storage (64GB eMMC+64GB TGC Flash Memory), HDMI, WiFi, Webcam, Bluetooth,1-Year Microsoft 365 Win10 S",4.5 out of 5 stars,235,41960
Dell Inspiron 15 3000 15.6-inch Full HD 11th Gen Intel Core i5-1135G7 12GB 256GB SSD Laptop,4.5 out of 5 stars,88,72455
"HP Chromebook 14-inch Laptop with 180-Degree Swivel, AMD Dual-Core A4-9120 Processor, 4 GB SDRAM, 32 GB eMMC Storage, Chrome OS (14-db0020nr, Chalkboard Gray) (Renewed)",4.2 out of 5 stars,185,17284
"2021 Newest Acer Aspire 5 15.6"" FHD Laptop, 11th Intel Core i3-1115G4 (up to 4.1GHz), 12GB RAM 256GB NVMe SSD, WiFi 6 USB-A&C Webcam HDMI, Windows 10 S",3.3 out of 5 stars,4,58440
"HP 15-inch Touchscreen Laptop, AMD Ryzen 3 3250U, 8 GB RAM, 256 GB SSD, Windows 10 Home in S Mode (15-ef1020nr, Natural Silver)",4.6 out of 5 stars,387,58967
"HP 15.6"" HD Intel 10th Gen i3-1005G1 3.4GHz 8GB RAM 256GB SSD Win 10 Laptop",4.4 out of 5 stars,243,49088
"Windows 10 Laptop TECLAST Traditional Computer 15.6 Inch Full HD 1920 x 1080 IPS, 8GB RAM 256GB SSD, Intel N4120 Processor, Dual Band 2.4G+5G WiFi, 2xUSB 3.0, Bluetooth 4.2, Type C",3.3 out of 5 stars,6,44414
"2020 Asus TUF 15.6"" FHD Premium Gaming Laptop, 10th Gen Intel Quad-Core i5-10300H, 8GB RAM, 512GB SSD, NVIDIA GeForce GTX 1650Ti 4GB GDDR6, RGB Backlit Keyboard, Windows 10 Home",4.6 out of 5 stars,35,100402
"Dell Latitude E6430 14.1 Inch Business Laptop computer, Intel Dual Core i7-3520M 2.9Ghz Processor, 16GB RAM, 240GB SSD, DVD, Rj-45, HDMI, Windows 10 Professional (Renewed)",4.0 out of 5 stars,191,35532
"HP Chromebook 14"" Touchscreen Laptop Computer for Student_ Intel Celeron N3350 up to 2.4GHz_ 4GB DDR4 RAM_ 32GB eMMC_ AC WiFi_ Type-C_ Webcam_ Chrome OS with E.S 32GB USB Card",4.6 out of 5 stars,3,33779
Adjustable Portable Foldable Laptop Desktop with Computer Fan,N/A,N/A,2922
"TECLAST F7 Plus2 14” Laptop Computer, 8GB RAM 256GB SSD Windows 10 Laptop Up to 2.6GHz Intel N4120, 1920x1080 FHD IPS Display, Lightweight Windows Laptop 2.4G+5G WiFi Bluetooth USB3.0 Mini-HDMI",3.9 out of 5 stars,25,42076
"HP Chromebook x360 14a 2-in-1 Laptop, Intel Pentium Silver N5000 Processor, 4 GB RAM, 64 GB eMMC, 14"" HD Display, Chrome OS with Webcam & Dual Mics, Work, Play, Long Battery Life (14a-ca0022nr, 2021)",4.5 out of 5 stars,"1,258",39740
"2020 HP 14-inch HD Touchscreen Premium Laptop PC, AMD Ryzen 3 3200U Processor, 8GB DDR4 Memory, 256GB SSD, Bluetooth, Windows 10, Silver",4.6 out of 5 stars,922,N/A
"ASUS ROG Strix Scar 15 (2021) Gaming Laptop, 15.6” 300Hz IPS Type FHD, NVIDIA GeForce RTX 3080, AMD Ryzen 9 5900HX, 16GB DDR4, 1TB SSD, Opti-Mechanical Per-Key RGB Keyboard, Windows 10, G533QS-DS96",4.2 out of 5 stars,91,257140
"Razer Blade Stealth 13 Ultrabook Gaming Laptop: Intel Core i7-1165G7 4 Core, NVIDIA GeForce GTX 1650 Ti Max-Q, 13.3"" 1080p 120Hz, 16GB RAM, 512GB SSD, CNC Aluminum, Chroma RGB",4.4 out of 5 stars,64,151946
"2020 Lenovo Yoga C740 14"" FHD IPS Touchscreen Premium 2-in-1 Laptop, 10th Gen Intel Quad Core i5-10210U, 8GB RAM, 256GB PCIe SSD, Backlit Keyboard, Fingerprint Reader, Windows 10, Aluminum Chassis",4.5 out of 5 stars,87,77726
"ASUS VivoBook 15.6"" FHD Touchscreen Laptop 2022, 11th Gen Intel Quad-Core i5-1135G7(Up to 4.2GHz), 16GB DDR4 RAM 1TB PCIe SSD, Backlit Keyboard, Fingerprint, WiFi5, Win 10, Grey w/ 3in1 Accessories",N/A,N/A,99233
"2021 Acer Aspire 15.6"" FHD IPS Laptop Business and Student, Intel Celeron N4020(up to 2.8GHz), 4GB RAM, 64GB eMMC, USB-C, Up to 10 Hours, Google Classroom, Win 10 S +Ghost Manta Accessories",4.0 out of 5 stars,46,37401
"ASUS Chromebook C200MA-DS01 11.6"" Laptop - Intel Bay Trail-M Celeron N2830 (2.16 GHz), 2GB RAM, 16GB eMMC SSD, Chrome OS (Renewed)",3.6 out of 5 stars,164,9280
"CHUWI GemiBook Windows 10 Laptop Computer 13” Gaming Laptop 8G RAM 256GB SSD with Intel Celeron J4115 Processor,2160x1440 2K IPS Display Notebook PC, Support PD Fast-Charging, Backlit Keyboard",4.0 out of 5 stars,119,46636
"Lenovo 14"" FHD Laptop - AMD A6-9220C Dual-Core Processor, 4GB RAM, 64GB eMMC, Windows 10 Pro, Black - 14W (81MQ000JUS)",3.9 out of 5 stars,70,32375
"Acer Nitro 5 AN515-45-R92M Gaming Laptop, AMD Ryzen 7 5800H (8-Core) | NVIDIA GeForce RTX 3060 Laptop GPU |15.6"" FHD 144Hz IPS Display | 16GB DDR4 | 512GB NVMe SSD | WiFi 6 | RGB Backlit Keyboard",3.8 out of 5 stars,12,155452
HP ChromeBook 11 G4 EE: 11.6-inch (1366x768) | Intel Celeron N2840 2.16GHz | 16GB eMMC SSD | 4GB RAM | Chrome OS - Black (Renewed),4.2 out of 5 stars,558,11682
"2021 Newest HP 17.3"" FHD Laptop, AMD Ryzen 5 5500U 6-core(Beat i7-1160G7, up to 4.0GHz), 16GB RAM, 1TB PCIe SSD, Bluetooth 4.2, WiFi, HDMI, USB-A&C, Windows 10 S, w/Ghost Manta Accessories",4.7 out of 5 stars,5,97011
"Fusion5 14.1inch A90B+ Pro 64GB Windows 10 Laptop - 4GB RAM, 64GB Storage, Full HD IPS, Bluetooth, 2MP Webcam, Dual Band WiFi Laptop",4.1 out of 5 stars,"1,183",27315
HP Elitebook 840 G5 Laptop Intel Core i7 1.80 GHz 16Gb Ram 512GB SSD Windows 10 Pro-64 (Renewed),5.0 out of 5 stars,4,81816
"Microsoft 12.4"" Multi-Touch Surface Laptop Go, Intel Core i5-1035G1, 8GB RAM, 128GB SSD, Integrated Intel UHD Graphics, Windows 10 Home in S Mode, 1ZZ-00002, Ice Blue (Renewed)",3.3 out of 5 stars,5,57155
"ASUS VivoBook 15 F515 Thin and Light Laptop, 15.6” FHD Display,Core i5-1135G7 Processor, Iris Xe Graphics, 8GB DDR4 RAM, 512GB SSD, Fingerprint, Windows 10 Home, Slate Grey, F515EA-DB55",4.5 out of 5 stars,17,77141
"2021 Acer Aspire 5 Slim 15.6"" FHD Laptop, 11th Gen Intel Core i3-1115G4(Beat i5-8265U), WiFi6, Amazon Alexa, Windows 10 Home in S Mode (8GB|256GB SSD, A515-56-36UT)",4.0 out of 5 stars,35,53647
"MSI Creator Z16 Professional Laptop: 16"" QHD+ 16:10 120Hz Touch Display, Intel Core i9-11900H, NVIDIA GeForce RTX 3060, 32GB RAM, 2TB NVME SSD, Thunderbolt 4, Win10 PRO, Lunar Gray (A11UET-043)",3.6 out of 5 stars,8,332998
"14.1"" Full HD Windows 10 Professional Slim n Light Laptop, Revolutionary Design - 4GB RAM, 128GB Storage S14+ Model Lapbook, Intel Celeron, USB 3.0, 5GHz WiFi, Expandable Storage (128GB)",4.1 out of 5 stars,484,35063
"VGKE B15 Windows 10 Laptop, 15.6 inches Full HD 19201080 IPS 100% sRGB Display, Intel J4125 Quad-Core, 12GB LPDDR4, 256GB SSD, Expandable 1TB, 4K, WiFi, BT4.0 (Silver)",4.0 out of 5 stars,1,45583
"Dell Latitude 14 7000 7480 Business UltraBook - 14in (1366x768), Intel Core i5-6300U, 256GB SSD, 8GB DDR4, Backlit Keys, Webcam, Windows 10 Professional (Renewed)",4.4 out of 5 stars,156,42076
"Lenovo IdeaPad 5 15.6"" FHD IPS Touchscreen Laptop | 11th Gen Intel Core i7-1165G7 | 12GB RAM | 1TB SSD | Backlit Keyboard | Fingerprint Reader | WiFi-6 | Windows 10 | TF",4.3 out of 5 stars,132,113960
"HP Light Thin Laptop, 17.3"" BrightView Touchscreen, AMD Ryzen 3 5300U, Wi-Fi 6, Type-C, Fast Charge, Backlit KB, HDMI, Fingerprint, AMD Radeon Graphics, Webcam, Windows 10 (8GB RAM | 256GB PCIe SSD)",N/A,More Buying Choices,68959
"HP Pavilion Gaming 15.6-Inch Micro-EDGE Laptop, Intel Core i5-9300H Processor, NVIDIA GeForce GTX 1650 (4 GB), 8 GB SDRAM, 256 GB SSD, Windows 10 Home (15-dk0020nr, Shadow Black/Acid Green)",4.7 out of 5 stars,952,89882
"ASUS ROG Zephyrus Duo SE 15 Gaming Laptop, 15.6” 300Hz IPS Type FHD Display, NVIDIA GeForce RTX 3060, AMD Ryzen 9 5980HX, 16GB DDR4, 1TB PCIe SSD, Per-Key RGB Keyboard, Windows 10 Home, GX551QM-ES96",4.6 out of 5 stars,72,268828
"Lenovo IdeaPad 3 Laptop, 15.6"" FHD (1920 x 1080) Display, AMD Ryzen 5 5500U Processor, 8GB DDR4 RAM, 512GB SSD Storage, AMD Radeon 7 Graphics, Windows 11 Home, 82KU0100US, Abyss Blue",N/A,More Buying Choices,68011
2022 ASUS F512DA VivoBook Laptop 15.6 FHD AMD 2-Core Ryzen 3 3250U 8GB DDR4 256GB NVMe SSD Radeon Graphics USB-C Backlit Keyboard WiFi AC HDMI Fingerprint Windows 11Pro w/RE 32GB USB3.0 Drive,5.0 out of 5 stars,1,N/A
"MSI GS75 Stealth Gaming Laptop: 17.3"" 240Hz Display, Intel Core i7-10875H, NVIDIA GeForce RTX 2060, 16GB RAM, 512GB NVMe SSD, Win10 Pro, Black (10SE-620)",4.5 out of 5 stars,140,157790
"2021 Newest Dell Inspiron 3000 Laptop, 15.6 HD LED-Backlit Display, Intel Celeron Processor N4020, Bluetooth, Webcam, WiFi, HDMI, Win10 Home (8GB RAM | 128GB SSD)",4.5 out of 5 stars,296,55986
"ASUS ZenBook 14 Ultra-Slim Laptop 14” FHD Display, AMD Ryzen 7 5800H CPU, Radeon Vega 7 Graphics, 16GB RAM, 1TB PCIe SSD, NumberPad, Windows 10 Pro, Pine Grey, UM425QA-ES74",4.7 out of 5 stars,9,122725
HP Stream 14-cb Laptop Intel Celeron 4GB RAM 64GB eMMC 14-inch HD WLED Office 365 Personal 1-Year Win 10 s,4.5 out of 5 stars,328,N/A
"HP Pavilion X360 2-IN-1 11.6"" HD Touch-Screen WLED-backlit Laptop, Intel Pentium N5000 up to 2.7GHz, 4GB DDR4, 128GB SSD, Bluetooth, Wireless-AC, HDMI, Webcam, USB 3.1-C, Media Card Reader, Windows 10",4.5 out of 5 stars,385,44181
"Dell Inspiron 7000 14"" FHD 2-in-1 Touchscreen Laptop | AMD Ryzen 5 4500U | 16GB RAM | 512GB SSD | Backlit Keyboard | Windows 10 Home | Sandstorm",4.9 out of 5 stars,10,89882
"ASUS VivoBook 17 Home & Business Laptop (Intel i7-1065G7 4-Core, 16GB RAM, 1TB SSD, Intel HD 610, 17.3"" HD+ (1600x900), WiFi, Bluetooth, Webcam, 1xUSB 3.2, 1xHDMI, SD Card, Win 10 Home) with Hub",3.8 out of 5 stars,11,102506
"2021 Newest Acer Aspire 5 15.6"" FHD Laptop, 11th Intel Core i3-1115G4 (up to 4.1GHz), 8GB RAM 512GB NVMe SSD, WiFi 6 USB-A&C Webcam HDMI, Windows 10 S",5.0 out of 5 stars,2,61946
"Wired in-Ear Headphones, NIKYPJ Earbud Headphone with 3.5mm Plug, Headphones with Microphone for iOS and Android Smartphones, Laptops, MP3, Gaming, Walkman",5.0 out of 5 stars,1,1284
"2021 Flagship ASUS Laptop 15.6"" Thin Light Laptop Computer, 15.6"" FHD Display, Intel Celeron N4020 (up to 2.8GHz),4GB RAM, 128GB eMMC,Webcam,WiFi, Backlit Keyboard，Microsoft 365,Win10 S+Marxsol Cables",4.3 out of 5 stars,18,38454
"Laptop HP X360 14a Chromebook 14"" HD Touchscreen, Entertaining from Any Angle Intel Celeron, 4GB DDR4 64GB eMMC WiFi Webcam Stereo Speakers Bluetooth 4.2 Chrome Blue Metallic Color",4.6 out of 5 stars,302,33766
"ASUS Laptop L406 Thin and Light Laptop, 14” HD Display, Intel Celeron N4000 Processor, 4GB RAM, 64GB eMMC Storage, Wi-Fi 5, Windows 10, Microsoft 365, Slate Gray, L406MA-WH02",4.3 out of 5 stars,712,36116
"2021 Newest HP Stream 14"" HD SVA Laptop Computer, Intel Celeron N4000 Processor, 8GB RAM, 128GB Space(64GB eMMC+64GB MSD), Office 365, HDMI, USB-C, Windows 10, Rose Gold, AllyFlex MP, Online Class",4.4 out of 5 stars,127,44298
"HP 15.6"" Touchscreen Laptop w/Windows 10 S Mode, Natural Silver (15-ef1041nr) AMD RYZEN 3 3250U 4 GB GDDR4 256 GB PCIe NVMe M.2 SSD",4.2 out of 5 stars,18,49089
"(Refurbished) Apple MacBook Air MD760LL/A 13.3-Inch Laptop (Intel Core i5 Dual-Core 1.3GHz up to 2.6GHz, 4GB RAM, 128GB SSD, Wi-Fi, Bluetooth 4.0)",4.3 out of 5 stars,"3,037",39738
"2021 Newest Acer Aspire 5 Slim Laptop, 15.6"" Full HD IPS, AMD Ryzen 3 3350U Quad-Core Processor, 12GB DDR4 RAM, 512 GB SSD, Intel WiFi 6, Backlit KB, Fingerprint Reader, Win10 Home+Oydisen Cloth",4.5 out of 5 stars,88,N/A
"ALLDOCUBE Laptop Computer 14-inch PC, Intel JasperLake N5100, Quad Core, 12GB RAM, 256GB SSD, FHD IPS Display, 10000mah, WiFi 6, Bluetooth 5.1, Type C, Backlit Keyboard, Windows 10 Home, Space Gray",4.2 out of 5 stars,122,44414
"GIGABYTE AORUS 15P XD - 15.6"" FHD IPS Anti-Glare 240Hz, Intel Core i7, NVIDIA GeForce RTX 3070 Laptop GPU 8GB GDDR6, 16GB Memory, 1TB SSD, Win10 Home, Gaming Laptop (AORUS 15P XD-73US324SH)",4.2 out of 5 stars,7,210271
"AUSDOM HD Webcam 1080P with Microphone, USB Desktop Laptop Web Camera 12.0MP, Auto Exposure, Pro Streaming Computer Camera for Laptop/Desktop/Skype/FaceTime/YouTube/Yahoo Messenger/Zoom",4.0 out of 5 stars,613,4323
"Lenovo IdeaPad 3 15.6"" FHD Anti-Glare Laptop, Intel Core i3-1115G4 up to 4.1GHz, 8GB DDR4, 256GB SSD, Webcam, HDMI, Bluetooth, Fingerprint Reader, Windows 10 Home S, TWE Mouse Pad, Almond",5.0 out of 5 stars,3,57155
"2020 HP 15 15.6"" HD Touchscreen Premium Laptop - 10th Gen Intel Core i5-1035G1, 16GB DDR4, 512GB SSD, USB Type-C, HDMI, Windows 10 - Silver W",4.5 out of 5 stars,"1,751",90817
Dell Latitude 7480 14in FHD Laptop PC - Intel Core i7-6600U 2.6GHz 16GB 512GB SSD Windows 10 Professional (Renewed),4.2 out of 5 stars,154,58440
"Newest Acer Nitro 5 Gaming Laptop, NVIDIA GeForce GTX 1650, Core i5-9300H, 15.6"" FHD IPS, Windows 10 H, Waves MaxxAudio, Cool Boost, WiFi 6, Type-C, Accessory(16GB RAM | 512GB PCIe SSD)",4.5 out of 5 stars,8,106361
"2020 ASUS VivoBook 15 15.6 Inch FHD 1080P Laptop (AMD Ryzen 3 3200U up to 3.5GHz, 16GB DDR4 RAM, 256GB SSD, AMD Radeon Vega 3, Backlit Keyboard, FP Reader, WiFi, Bluetooth, HDMI, Windows 10) (Grey)",4.3 out of 5 stars,444,64519
"2021 Dell Inspiron 15 3000 15.6"" HD Laptop Computer, Intel Celeron Processor 4205U, 4GB RAM, 128GB PCIe SSD, Intel UHD Graphics 610, Waves MaxxAudio, HD Webcam, Windows 10, Black",4.1 out of 5 stars,13,41960
2022 Newest HP 17.3 HD+ Touchscreen Laptop Intel 4-Core i7-1165G7 Intel Iris Xe Graphics 32GB RAM DDR4 1TB NVMe SSD HDMI WiFi AX BT5.0 USB-C Backlit Keyboard Webcam Windows 11 Home w/ RE Accessories,4.0 out of 5 stars,49,N/A
"HP Chromebook X360 14-Inch HD Touchscreen Laptop, Intel Celeron N4000, 4 GB RAM, 32 GB eMMC, Chrome (14b-ca0010nr, Ceramic White/Mineral Silver) (Renewed)",4.6 out of 5 stars,189,31557
"TOALLIN HD 4K Conference Room Camera System with 4 Mics Array, 3X Digital Zoom Video Conferencing Camera with Speakers, Wide Angle View All-in-One USB Webcam for Meeting Rooms",N/A,"Save KES 9,350.60",67675
"HP Chromebook - 14a-na0012ds 14"" TS Intel Celeron N4020 Intel UHD Graphics 600 4 GB RAM 128 GB eMMC Chrome OS BT Webcam Ceramic White(Renewed)",5.0 out of 5 stars,1,26882
"HP Pavilion x360 2-in-1 14"" Touch-Screen Laptop, 11th Gen Intel Core i3-1115G4(Beat i5-1035G4),8GBRAM-128GB SSD, Win10 H, 14m-dw1013dx, Natural Silver",4.6 out of 5 stars,98,61946
"2021 Latest Model HP Laptop ,17.3"" FHD (1920 x 1080) IPS Display, Intel Core i5-1135G7 (Beat i7-1065G7) , Intel Iris X Graphics, HDMI, SD Card, Backlit Keyboard, Windows 11 (32GB RAM | 1TB PCIe SSD)",N/A,More Buying Choices,106361
"ASUS VivoBook S15 S533 Thin and Light Laptop, 15.6” FHD Display, Intel Core i5-1135G7 Processor, 8GB DDR4 RAM, 512GB PCIe SSD, Wi-Fi 6, Windows 10 Home, Resolute Red, S533EA-DH51-RD",4.6 out of 5 stars,262,81816
"Lenovo Ideapad 3 17 17.3"" HD+ (1600 x 900) Laptop, Intel 10th Gen Core i5-1035G1, 1.0 GHz, 8GB RAM, 1TB HDD, Windows 10 Home, Abyss Blue",3.7 out of 5 stars,20,70480
"HP 15.6"" Laptop with Windows Home in S Mode - Intel Core i3 11th Gen Processor - 8GB RAM Memory - 256GB SSD Storage - Silver (15-dy2035)",N/A,Only 4 left in stock - order soon.,58324
"Dell Latitude E5450 14in Laptop, Intel Core i5-5300U 2.3Ghz, 8GB RAM, 256GB Solid State Drive, Windows 10 Pro 64bit (Renewed)",4.1 out of 5 stars,341,33311
"2021 Dell Vostro 15 5000 5510 15.6 Business Laptop 11th Gen Intel Core i7-11370H 4-Core, 16G RAM 512G SSD 15.6 FHD Screen,Intel Iris Xe Graphics, Backlit KB, FP Reader,Win10 PRO",5.0 out of 5 stars,2,N/A
Lenovo IdeaPad 3 Intel Core i5-1135G7 12GB 256GB SSD 15.6 FHD Touchscreen Laptop,N/A,Only 3 left in stock - order soon.,66506
"Winnovo 14 Inch Laptop Computer, Intel Celeron Processor, 6GB DDR3 RAM, 64GB eMMC, 14’’ HD IPS Display, Windows 10, Numeric Touchpad, 5G WiFi, HDMI, Lightweight, for Business and Student",4.1 out of 5 stars,56,38454
"【8GB/MS Office 2019 】 Only 0.9KG 11.6 inch Ultra-Thin Laptop Celeron J3455 Quad Core Processor 8G RAM/256GB SSD WiFi/HDMI High-spec Performance Notebook with Wireless Mouse (8G+256GB SSD, Black)",4.2 out of 5 stars,6,33894
"LincPlus Schoolbook 14-inch Laptop, Full HD 1920 x 1080 IPS Display, Intel Celeron N3350 Processor, 4GB RAM, 64GB eMMC Storage,Metal Body, Intel HD Graphics 500, Windows 10 Home in S Mode PC",3.4 out of 5 stars,19,30973
"2020 HP 15.6"" Touchscreen Laptop Computer/ 10th Gen Intel Quard-Core i5 1035G1 up to 3.6GHz/ 12GB DDR4 RAM/ 256GB PCIe SSD/ 802.11ac WiFi/ Bluetooth 4.2/ USB 3.1 Type-C/ HDMI/ Silver/ Windows 10 Home",4.6 out of 5 stars,437,69884
"Dell Inspiron 7000 2-in-1 17"" QHD Touchscreen Laptop | 11th Gen Intel Core i7-1165G7 | 32GB DDR4 RAM | 1TB SSD | Intel Iris Xe Graphics | Fingerprint | Backlit Keyboard | WiFi6 | Win10 Home",3.8 out of 5 stars,4,169362
"HP 14 Laptop, AMD 3020e, 4 GB RAM, 64 GB eMMC Storage, 14-inch HD Touchscreen, Windows 10 Home in S Mode, Long Battery Life, Microsoft 365, (14-fq0050nr, 2020)",4.5 out of 5 stars,512,N/A
"HP 14"" Touchscreen Home and Business Laptop Ryzen 3-3200U, 8GB RAM, 128GB M.2 SSD, Dual-Core up to 3.50 GHz, Vega 3 Graphics, RJ-45, USB-C, 4K Output HDMI, Bluetooth, Webcam, 1366x768, Win 10",4.5 out of 5 stars,"1,530",N/A
"Dell Latitude E7470 Ultrabook, 14inch QHD Touchscreen (Intel Core i5-6300U, 8 GB DDR4, 256 GB SSD) Windows 10 Pro (Renewed)",4.4 out of 5 stars,38,40907
"Lenovo Chromebook C340 2-in-1-11.6"" HD Touchscreen - Celeron N4000-4GB - 32GB eMMC - Gray (Renewed)",4.5 out of 5 stars,209,16831
"LincPlus 14"" Laptop Intel Celeron N3350 4GB RAM 64GB eMMC Storage,Windows 10 Home in S Mode Computer Laptop Full HD 1080P Fanless Quiet Mini Metal Netbook,Support 128GB TF Cardand 1TB SSD Expansion",3.9 out of 5 stars,59,31441
"2021 Flagship HP Chromebook, 11.6"" HD (1366 x 768) Display, Intel Celeron N3350, 4GB DDR2, 32GB eMMC, OS, Graphics 500, Ash Gray, Kwalicable 32GB Micro SD Card, HDMI Cable and Cleaning Cloth",4.0 out of 5 stars,23,26766
"MSI Summit E13 Flip EVO Professional Laptop: 13"" IPS-Level Touch Screen, Intel core i7-1185G7, Iris Xe, 32GB RAM, 1TB NVMe SSD, Win10 PRO, Ink Black (A11MT-021)",3.0 out of 5 stars,9,210271
"Lenovo IdeaPad 3 14"" FHD Laptop Computer_ Intel Quad-Core i5 1035G1 (Beats i7-8665U)_ 12GB DDR4 RAM_ 1TB PCIe SSD_ AC WiFi_ BT 5.0_ Webcam_ Grey_ Remote Work_ Windows 10",4.8 out of 5 stars,27,92220
"HP Elitebook 840 G5 14"" FHD (1920x1080) Business Laptop (Intel Quad-Core i5-8250U, 8GB DDR4 RAM, 256GB SSD) USB Type-C, HDMI, Windows 10 Pro (Renewed)",4.1 out of 5 stars,8,64168
"New HP 15.6"" HD Touchscreen Laptop Intel Core i3-1005G1 8GB DDR4 RAM 128GB SSD HDMI Bluetooth 802.11/b/g/n/ac Windows 10 15-dy1731ms Silver",4.6 out of 5 stars,"1,660",63699
"Prometheus XVII (2021) 17.3"" RTX 3070 Gaming Laptop, AMD Ryzen 9 5900HX Processor, NVIDIA GeForce RTX 3070 Graphics Card, 17.3 inch QHD 165Hz Display, 1TB NVMe SSD, 32GB DDR4 RAM, Windows 10 Home",4.6 out of 5 stars,67,N/A
"Mini Laptop Student, GEEKPLUS Notebook Computers 11.6 Inch Laptop Drop-Proof Kids Laptops PC Windows 10 Laptop 6GB/128G, Waterproof Dustproof Intel N4000 Small Laptop Computer Education Office PC",3.8 out of 5 stars,26,32714
"BMAX X15 Laptop Computers, 15.6"" FHD (1920 x 1080) Display, Celeron 4120 up to 2.6 GHz, 8GB DDR4, 256GB SSD Storage, HDMI, Webcam, WI-FI, Windows 10 - Space Grey",3.8 out of 5 stars,85,38454
"GIGABYTE A5 X1 - 15.6"" FHD IPS Anti-Glare 240Hz - AMD Ryzen 9 5900HX - NVIDIA GeForce RTX 3070 Laptop GPU 8 GB GDDR6 - 16 GB Memory - 512 GB PCIe SSD-Windows 10 Home-Gaming Laptop (A5 X1-CUS2130SH)",4.4 out of 5 stars,6,186895
"LG Gram 17Z90P Laptop 17"" IPS Ultra-Lightweight, (2560 x 1600), Intel Evo 11th gen Core i7, 16GB RAM, 1TB SSD, Upgradeable Windows 10 Home, Alexa Built-in, 2X USB-C, HDMI, USB-A - Black",4.2 out of 5 stars,88,185492
"Lenovo Ideapad 3 Laptop Computer_ 15.6"" FHD Business_ AMD Ryzen 5 3500U Quad-Core Up to 3.7GHz(Beat I7-7500U)_ 8GB DDR4_ 256GB PCIe SSD_ Almond_ Windows 10 Pro_ Remote Work_ BROAGE 64GB Flash Drive",4.3 out of 5 stars,66,77025
"Dell Inspiron 15.6"" FHD Touchscreen Laptop Computer 10th Gen Intel Quad-Core i5 1035G1 up to 3.6GHz 12GB DDR4 RAM 512GB PCIE SSD 802.11ac WiFi Bluetooth 4.2 USB 3.1 HDMI Windows 10 Home Black",3.9 out of 5 stars,52,75856
"CHUWI 15.6in Computer Laptop,Intel Core i5-8259U Processor,Windows 10 Laptop,1920X1080 IPS,CoreBook Xpro i5 Gaming Laptop 8GB RAM 512GB SSD, Backlit Keyboard Windows Computer, WiFi, Webcam, BT",3.9 out of 5 stars,10,75856
"TECLAST Gaming Laptop 15.6 Inch, Intel Core i3-1005G1,12GB RAM 256GB SSD, Windows 10 Traditional Laptop Computers, Large Capacity Battery, Strong Silent Cooling, Gigabit Network, Dual Band Wi-Fi",4.3 out of 5 stars,19,63115
"Razer Blade 15 Advanced Gaming Laptop 2021: Intel Core i7-11800H 8-Core, NVIDIA GeForce RTX 3080, 15.6” QHD 240Hz, 32GB RAM, 1TB SSD - Windows 11 - CNC Aluminum - Chroma RGB - THX Spatial Audio",4.3 out of 5 stars,101,362334
"HP Pavilion x360 2-in-1 14"" Touch-Screen Laptop, 11th Gen Intel Core i3-1115G4 Upto 4.1GHz(Beats i7-8550U),16GB 3200Mhz DDR4 RAM, 512GB PCIE SSD, Win10 H, Natural Silver (14m-dw1013dx)",4.4 out of 5 stars,8,77725
"Newest HP 17.3"" HD+ Touchscreen Business Office Laptop, AMD Ryzen 5 5500U(Beats i7-1065G7), 16GB DDR4 RAM, 512GB PCIE SSD, Bundle with Woov HDMI, Windows 10 Home, Silver",4.3 out of 5 stars,11,88245
"Lenovo IdeaPad 3 15.6"" HD (1366x768) Touchscreen Laptop, Intel Core i5-10210U, 1.6GHz, 8GB RAM, 512GB SSD, Windows 10 Home, Abyss Blue",4.6 out of 5 stars,43,71415
"Lenovo ThinkBook 13s Gen 2 Intel Laptop 2022 Newest, 13.3"" IPS 300 nits, 11th Intel i7-1165G7(up to 4.7GHz) 16GB RAM 1TB NVMe SSD, Backlit Keyboard, Fingerprint Reader, Win 10 Pro",N/A,Only 17 left in stock - order soon.,128569
"Dell Inspiron 15 5515, 15.6 inch FHD Touchscreen Laptop - AMD Ryzen 5 5500U, 8GB DDR4 RAM, 256GB SSD, AMD Radeon Graphics, Windows 10 Home - Platinum Silver (Latest Model)",4.1 out of 5 stars,7,80064
"HP 15.6"" Laptop, 11th Gen Intel Core i3-1115G4, 8GB DDR4 RAM, 256GB SSD, HDMI, Webcam, Wi-Fi, Bluetooth, Windows 10 Home, Natural Silver, W/ MD Accessories",4.7 out of 5 stars,4,50142
"HP Chromebook 14 G4 Intel Celeron N2840 2.16GHz 4GB 16GB, Black/Silver (Renewed) (G4)",4.1 out of 5 stars,95,18700
"3-in-1 Full HD 1080P Conference Webcam with Microphone and Speaker, Wide Angle USB Video Conference Camera for Mac, PC, Laptop, Desktop(Black)",4.5 out of 5 stars,47,14960
"CHUWI GemiBook 13 inch Windows 10 Intel Celeron J4125 8GB RAM 256GB SSD Laptop,Quad Core,Thin and Lightweight Notebook with Backlit Keyboard Type-C 2.4G/5G WiFi,BT 5.1 up to 1TB SSD",3.7 out of 5 stars,68,44298
"【8GB/MS Office 2019 】 Only 0.9KG 11.6 inch Ultra-Thin Laptop Celeron J3455 Quad Core Processor 8G RAM/256GB SSD /WiFi/HDMI High-spec Performance Notebook with Wireless Mouse (8G+256GB SSD, White)",4.2 out of 5 stars,6,33894
"Samsung Electronics Galaxy Book Pro Windows 11 Intel Evo Platform Laptop Computer 15.6"" AMOLED Screen 11th Gen Intel Core i7 Processor 16GB Memory 512GB SSD Long-Lasting Battery, Mystic Blue",5.0 out of 5 stars,6,151946
"ASUS ZenBook 13 Ultra-Slim Laptop, 13.3” OLED FHD NanoEdge Bezel Display, Intel Core i7-1165G7, 16GB LPDDR4X RAM, 512GB SSD, NumberPad, Thunderbolt 4, Wi-Fi 6, Windows 10 Pro, Pine Grey, UX325EA-XS74",4.3 out of 5 stars,419,128569
"【Win10/Office 2010 】 Only 0.8KG 10.1 inch Ultra-Thin Laptop AtomX5 Z8350 Quad Core Processor 2G RAM/32GB EMMC High-spec Performance Notebook (2G+HDD Capacity 64G (Including 32G Micro SD Card), White)",3.3 out of 5 stars,105,24544
"CHUWI 13in Laptop, Intel Core i3-6157U Windows 10 Laptop Computer ,CoreBook Pro 8GB RAM 256GB SSD Notebook Slim Laptop , FHD 2160x1440 IPS Display, Support 4K Video Decoding, Dual-Band WiFi 2.4G/5G",3.7 out of 5 stars,55,54817
"2020 Flagship HP 14 Chromebook Laptop Computer 14"" HD SVA Anti-Glare Touchscreen Display Intel Celeron Processor 4GB DDR4 64GB eMMC WiFi Webcam Chrome OS (Renewed)",4.4 out of 5 stars,9,23375
"CHUWI LarkBook Windows 10 Laptop,Gaming Laptop 13.3inch Touchscreen Laptop 8GB LPDDR4 RAM 256GB SSD Intel Celeron N4120 Quad-Core Ultra-Thin Lightweight Business Notebook PC",4.2 out of 5 stars,36,47804
"Webcam with Microphone Full HD 1080P USB Web Camera, Streaming Video Calling and Recording for PC, Laptop & Desktop Camera, Wide-Angle View & 360° Rotation, Plug and Play",4.0 out of 5 stars,27,4089
